donor_id,recommended_intervention,expected_retention_improvement,confidence_score,baseline_retention_prob,counterfactual_retention_prob
DON01099,camp_invitation,0.09100000000000003,0.72,0.36011752873588754,0.45111752873588756
DON01634,camp_invitation,0.09100000000000003,0.72,0.3639592541487562,0.4549592541487562
DON02218,camp_invitation,0.09100000000000003,0.72,0.31849980262802524,0.40949980262802527
DON00518,camp_invitation,0.09100000000000003,0.72,0.37045868417515476,0.4614586841751548
DON01426,phone_call,0.07999999999999996,0.8,0.5339099717120221,0.6139099717120221
DON02326,camp_invitation,0.09100000000000003,0.72,0.3268696497720974,0.41786964977209745
DON01328,camp_invitation,0.09100000000000003,0.72,0.33187498612546307,0.4228749861254631
DON02818,camp_invitation,0.09100000000000003,0.72,0.3283675835754745,0.41936758357547455
DON00965,camp_invitation,0.09100000000000003,0.72,0.3249146503202626,0.41591465032026265
DON03204,camp_invitation,0.09100000000000003,0.72,0.33339345498582496,0.424393454985825
DON01797,camp_invitation,0.09100000000000003,0.72,0.3485622853833009,0.43956228538330094
DON03498,camp_invitation,0.09100000000000003,0.72,0.3631429637310379,0.4541429637310379
DON01360,camp_invitation,0.09100000000000003,0.72,0.39211106049159267,0.4831110604915927
DON00534,camp_invitation,0.09100000000000003,0.72,0.3510414655361173,0.44204146553611734
DON02958,camp_invitation,0.09100000000000003,0.72,0.33737001323639043,0.42837001323639046
DON02055,camp_invitation,0.09100000000000003,0.72,0.3612179598090062,0.4522179598090062
DON00822,camp_invitation,0.09100000000000003,0.72,0.3638301301572216,0.4548301301572216
DON02309,camp_invitation,0.09100000000000003,0.72,0.3712243033861444,0.46222430338614445
DON02121,camp_invitation,0.09100000000000003,0.72,0.3590853691859285,0.4500853691859285
DON03076,phone_call,0.07999999999999996,0.8,0.5576899633995993,0.6376899633995993
DON02362,camp_invitation,0.09100000000000003,0.72,0.3836692142769584,0.4746692142769584
DON01819,camp_invitation,0.09100000000000003,0.72,0.3460522003922034,0.43705220039220344
DON00652,camp_invitation,0.09100000000000003,0.72,0.4195110198203394,0.5105110198203394
DON02213,camp_invitation,0.09100000000000003,0.72,0.37398100584661703,0.46498100584661706
DON03249,camp_invitation,0.09100000000000003,0.72,0.44622450212056824,0.5372245021205683
DON02584,camp_invitation,0.09099999999999997,0.72,0.42101118912075064,0.5120111891207506
DON00712,camp_invitation,0.09099999999999997,0.72,0.4860639195030968,0.5770639195030968
DON03258,camp_invitation,0.09100000000000003,0.72,0.37860026311612127,0.4696002631161213
DON00366,camp_invitation,0.09100000000000003,0.72,0.3533169267342819,0.4443169267342819
DON01387,camp_invitation,0.09100000000000003,0.72,0.37193011525452263,0.46293011525452266
DON00921,camp_invitation,0.09100000000000003,0.72,0.36651956157741095,0.45751956157741097
DON00471,camp_invitation,0.09100000000000003,0.72,0.3456607092329557,0.43666070923295575
DON00201,camp_invitation,0.09100000000000003,0.72,0.4708542173002292,0.5618542173002292
DON02605,camp_invitation,0.09100000000000003,0.72,0.38972490085972344,0.48072490085972347
DON02302,camp_invitation,0.09100000000000003,0.72,0.3894168203552444,0.4804168203552444
DON02971,camp_invitation,0.09100000000000003,0.72,0.37668183260885435,0.4676818326088544
DON02590,camp_invitation,0.09100000000000003,0.72,0.38798941079387905,0.4789894107938791
DON01541,camp_invitation,0.09100000000000003,0.72,0.3622360838076167,0.4532360838076167
DON01061,camp_invitation,0.09100000000000003,0.72,0.3602942633969321,0.4512942633969321
DON00037,camp_invitation,0.09100000000000003,0.72,0.38661257891809336,0.4776125789180934
DON00183,camp_invitation,0.09100000000000003,0.72,0.3614936799389831,0.45249367993898315
DON03263,camp_invitation,0.09100000000000003,0.72,0.3881041478457202,0.47910414784572025
DON02052,camp_invitation,0.09100000000000003,0.72,0.436795062807159,0.527795062807159
DON03055,camp_invitation,0.09099999999999997,0.72,0.4427127569463548,0.5337127569463548
DON01561,camp_invitation,0.09100000000000003,0.72,0.40081688223311923,0.49181688223311926
DON01953,camp_invitation,0.09099999999999997,0.72,0.43077989363466385,0.5217798936346638
DON03302,camp_invitation,0.09100000000000003,0.72,0.42369463729286355,0.5146946372928636
DON01580,camp_invitation,0.09100000000000003,0.72,0.3888692264601052,0.4798692264601052
DON02394,camp_invitation,0.09100000000000003,0.72,0.40517330248913136,0.4961733024891314
DON02247,camp_invitation,0.09100000000000003,0.72,0.39939090663573423,0.49039090663573426
DON01556,camp_invitation,0.09099999999999997,0.72,0.4130401451773328,0.5040401451773328
DON00301,camp_invitation,0.09099999999999997,0.72,0.47269822138293816,0.5636982213829381
DON03460,camp_invitation,0.09100000000000003,0.72,0.35123764135974445,0.44223764135974447
DON00281,camp_invitation,0.09100000000000003,0.72,0.3665930354007411,0.45759303540074114
DON00991,camp_invitation,0.09100000000000003,0.72,0.44473497879405494,0.535734978794055
DON00272,camp_invitation,0.09100000000000003,0.72,0.3670177866348856,0.4580177866348856
DON01507,camp_invitation,0.09100000000000003,0.72,0.33135553527716405,0.4223555352771641
DON00665,camp_invitation,0.09100000000000003,0.72,0.3828075524335443,0.47380755243354433
DON03000,camp_invitation,0.09100000000000003,0.72,0.4552037817238917,0.5462037817238917
DON02959,camp_invitation,0.09100000000000003,0.72,0.39051541754302194,0.48151541754302196
DON00672,camp_invitation,0.09100000000000003,0.72,0.33943859376667546,0.4304385937666755
DON01864,camp_invitation,0.09100000000000003,0.72,0.35095448908927307,0.4419544890892731
DON01436,camp_invitation,0.09100000000000003,0.72,0.3447474993125158,0.43574749931251583
DON00812,camp_invitation,0.09100000000000003,0.72,0.34591787162152005,0.43691787162152007
DON03158,camp_invitation,0.09100000000000003,0.72,0.3734092798416889,0.46440927984168895
DON03225,camp_invitation,0.09100000000000003,0.72,0.3803707827561022,0.4713707827561022
DON01430,phone_call,0.07999999999999996,0.8,0.5662459024283546,0.6462459024283546
DON00278,camp_invitation,0.09100000000000003,0.72,0.3461676322549328,0.4371676322549328
DON02813,camp_invitation,0.09100000000000003,0.72,0.3593059571955705,0.45030595719557054
DON00785,camp_invitation,0.09100000000000003,0.72,0.36485612105912946,0.4558561210591295
DON00677,camp_invitation,0.09100000000000003,0.72,0.3371234367129628,0.4281234367129628
DON01211,camp_invitation,0.09100000000000003,0.72,0.4066131983614932,0.4976131983614932
DON00845,camp_invitation,0.09099999999999997,0.72,0.43448814433727734,0.5254881443372773
DON00693,camp_invitation,0.09100000000000003,0.72,0.39771902445490365,0.48871902445490367
DON00049,camp_invitation,0.09099999999999997,0.72,0.4667972402518036,0.5577972402518035
DON02032,camp_invitation,0.09099999999999997,0.72,0.524995052205179,0.6159950522051789
DON01842,camp_invitation,0.09100000000000003,0.72,0.35612081561095826,0.4471208156109583
DON00358,camp_invitation,0.09100000000000003,0.72,0.41922441814977646,0.5102244181497765
DON00914,camp_invitation,0.09100000000000003,0.72,0.3706663206062405,0.4616663206062405
DON01057,camp_invitation,0.09100000000000003,0.72,0.3874097367528901,0.4784097367528901
DON01602,camp_invitation,0.09100000000000003,0.72,0.38645770664211854,0.47745770664211856
DON02340,camp_invitation,0.09100000000000003,0.72,0.3201014788764524,0.41110147887645243
DON00337,camp_invitation,0.09100000000000003,0.72,0.3194112603986754,0.4104112603986754
DON00713,camp_invitation,0.09100000000000003,0.72,0.38556635832393965,0.4765663583239397
DON00120,camp_invitation,0.09100000000000003,0.72,0.37675511178451904,0.46775511178451906
DON01990,camp_invitation,0.09100000000000003,0.72,0.36831813339983216,0.4593181333998322
DON02661,camp_invitation,0.09100000000000003,0.72,0.41338921809516577,0.5043892180951658
DON00617,camp_invitation,0.09099999999999997,0.72,0.4456758120105879,0.5366758120105879
DON01920,camp_invitation,0.09100000000000003,0.72,0.407378725919121,0.498378725919121
DON02256,camp_invitation,0.09100000000000003,0.72,0.38344314747846725,0.4744431474784673
DON01734,camp_invitation,0.09099999999999997,0.72,0.4157815233848321,0.5067815233848321
DON01056,camp_invitation,0.09100000000000003,0.72,0.3201149545618043,0.4111149545618043
DON00322,phone_call,0.07999999999999996,0.8,0.5836042774821959,0.6636042774821959
DON02518,camp_invitation,0.09100000000000003,0.72,0.3992903066114879,0.4902903066114879
DON01877,camp_invitation,0.09100000000000003,0.72,0.3407127104697176,0.4317127104697176
DON00174,phone_call,0.07999999999999996,0.8,0.44549671073849506,0.525496710738495
DON01956,phone_call,0.07999999999999996,0.8,0.6042791414704671,0.6842791414704671
DON00451,camp_invitation,0.09100000000000003,0.72,0.3684942371928611,0.45949423719286114
DON02236,camp_invitation,0.09100000000000003,0.72,0.3504465461584539,0.4414465461584539
DON02859,camp_invitation,0.09100000000000003,0.72,0.33524301665665346,0.4262430166566535
DON01368,camp_invitation,0.09100000000000003,0.72,0.34876187436179085,0.43976187436179087
DON00044,camp_invitation,0.09100000000000003,0.72,0.38841214142515085,0.4794121414251509
DON00512,camp_invitation,0.09099999999999997,0.72,0.4406769575955518,0.5316769575955518
DON02356,phone_call,0.07999999999999996,0.8,0.5007112905465759,0.5807112905465759
DON00434,camp_invitation,0.09100000000000003,0.72,0.39355169677607765,0.4845516967760777
DON01376,camp_invitation,0.09099999999999997,0.72,0.42004922065080985,0.5110492206508098
DON02553,phone_call,0.07999999999999996,0.8,0.6062235073246544,0.6862235073246543
DON01892,phone_call,0.07999999999999996,0.8,0.6274040858870271,0.7074040858870271
DON01196,phone_call,0.07999999999999996,0.8,0.5327644117188041,0.612764411718804
DON00053,camp_invitation,0.09099999999999997,0.72,0.4247076011843013,0.5157076011843013
DON02208,phone_call,0.07999999999999996,0.8,0.5673087644815338,0.6473087644815337
DON00421,phone_call,0.07999999999999996,0.8,0.5520014524506777,0.6320014524506776
DON00586,camp_invitation,0.09100000000000003,0.72,0.351045860490692,0.442045860490692
DON03477,camp_invitation,0.09100000000000003,0.72,0.3125281690901771,0.40352816909017714
DON00976,camp_invitation,0.09100000000000003,0.72,0.33781964261159797,0.428819642611598
DON02265,camp_invitation,0.09100000000000003,0.72,0.4249963860725035,0.5159963860725035
DON00690,camp_invitation,0.09100000000000003,0.72,0.3500226513034361,0.44102265130343615
DON03310,camp_invitation,0.09100000000000003,0.72,0.3188889309436381,0.40988893094363815
DON00566,camp_invitation,0.09100000000000003,0.72,0.3685367556993453,0.4595367556993453
DON02317,camp_invitation,0.09100000000000003,0.72,0.40652119479141213,0.49752119479141216
DON02587,phone_call,0.11200000000000004,0.8,0.4322156337837931,0.5442156337837931
DON00265,camp_invitation,0.09100000000000003,0.72,0.34766285989473955,0.4386628598947396
DON00966,phone_call,0.11199999999999999,0.8,0.4508703799125118,0.5628703799125118
DON01571,camp_invitation,0.09099999999999997,0.72,0.4332393979554484,0.5242393979554484
DON00807,camp_invitation,0.09099999999999997,0.72,0.47399200940249686,0.5649920094024968
DON01523,camp_invitation,0.09099999999999997,0.72,0.4852106221684075,0.5762106221684075
DON02306,camp_invitation,0.09100000000000003,0.72,0.48365251480637844,0.5746525148063785
DON02730,camp_invitation,0.09100000000000003,0.72,0.4080192165049049,0.49901921650490494
DON00349,camp_invitation,0.09100000000000003,0.72,0.3596701761760038,0.4506701761760038
DON00399,camp_invitation,0.09100000000000003,0.72,0.3562657141417932,0.4472657141417932
DON02489,phone_call,0.07999999999999996,0.8,0.6084357455246038,0.6884357455246037
DON00635,camp_invitation,0.09099999999999997,0.72,0.43516281719803396,0.5261628171980339
DON02670,camp_invitation,0.09100000000000003,0.72,0.3960810154571391,0.4870810154571391
DON03110,camp_invitation,0.09100000000000003,0.72,0.3984488092151264,0.4894488092151264
DON00032,camp_invitation,0.09100000000000003,0.72,0.3307340754958586,0.4217340754958586
DON00151,phone_call,0.11199999999999999,0.8,0.33946392885689597,0.45146392885689596
DON00955,camp_invitation,0.09100000000000003,0.72,0.4484304548125126,0.5394304548125126
DON03248,camp_invitation,0.09100000000000003,0.72,0.3272690647736348,0.41826906477363485
DON01951,phone_call,0.08000000000000002,0.8,0.472425314834846,0.552425314834846
DON00019,camp_invitation,0.09100000000000003,0.72,0.40252953767073263,0.49352953767073265
DON00425,camp_invitation,0.09100000000000003,0.72,0.38551853803494746,0.4765185380349475
DON00814,camp_invitation,0.09100000000000003,0.72,0.4412076541598638,0.5322076541598638
DON02620,camp_invitation,0.09099999999999997,0.72,0.41630619480187137,0.5073061948018713
DON00164,camp_invitation,0.09100000000000003,0.72,0.38425697853282637,0.4752569785328264
DON01917,camp_invitation,0.09099999999999997,0.72,0.42281219236652323,0.5138121923665232
DON01736,phone_call,0.07999999999999996,0.8,0.5588679237582435,0.6388679237582434
DON02307,camp_invitation,0.09100000000000003,0.72,0.385115662963624,0.476115662963624
DON01125,camp_invitation,0.09100000000000003,0.72,0.36515404448036765,0.45615404448036767
DON01846,camp_invitation,0.09100000000000003,0.72,0.369944840644414,0.46094484064441404
DON02263,camp_invitation,0.09100000000000003,0.72,0.3374848054188499,0.4284848054188499
DON01868,camp_invitation,0.09100000000000003,0.72,0.3560232765169429,0.4470232765169429
DON01881,phone_call,0.07999999999999996,0.8,0.606251127786104,0.686251127786104
DON01518,phone_call,0.11199999999999999,0.8,0.3708420025185789,0.4828420025185789
DON03438,camp_invitation,0.09100000000000003,0.72,0.3975865957679859,0.4885865957679859
DON02048,camp_invitation,0.09100000000000003,0.72,0.3646593050481462,0.4556593050481462
DON02080,camp_invitation,0.09100000000000003,0.72,0.37165166925461074,0.46265166925461076
DON03487,camp_invitation,0.09100000000000003,0.72,0.43849699050893826,0.5294969905089383
DON02918,camp_invitation,0.09100000000000003,0.72,0.4820731873510811,0.5730731873510811
DON00182,camp_invitation,0.09100000000000003,0.72,0.40870917309507065,0.4997091730950707
DON01585,camp_invitation,0.09100000000000003,0.72,0.4723176462376992,0.5633176462376992
DON01575,phone_call,0.07999999999999996,0.8,0.5991811023388339,0.6791811023388339
DON02776,camp_invitation,0.09099999999999997,0.72,0.4964056797443682,0.5874056797443682
DON02596,phone_call,0.07999999999999996,0.8,0.6212436799670209,0.7012436799670209
DON02597,camp_invitation,0.09099999999999997,0.72,0.4771632938782733,0.5681632938782732
DON02452,camp_invitation,0.09100000000000003,0.72,0.44935794166355364,0.5403579416635537
DON01977,camp_invitation,0.09100000000000003,0.72,0.3905903749274203,0.48159037492742035
DON00736,camp_invitation,0.09100000000000003,0.72,0.35519462079764674,0.44619462079764677
DON03067,camp_invitation,0.09100000000000003,0.72,0.4237643035979756,0.5147643035979756
DON00802,camp_invitation,0.09100000000000003,0.72,0.3717416100408952,0.4627416100408952
DON02957,phone_call,0.07999999999999996,0.8,0.6667132350727278,0.7467132350727278
DON00332,phone_call,0.07999999999999996,0.8,0.5379554401653425,0.6179554401653424
DON02185,camp_invitation,0.09100000000000003,0.72,0.40593473969241295,0.496934739692413
DON00464,camp_invitation,0.09099999999999997,0.72,0.4339581076308102,0.5249581076308102
DON01754,phone_call,0.07999999999999996,0.8,0.5936939535575949,0.6736939535575949
DON01013,camp_invitation,0.09100000000000003,0.72,0.37070545356884804,0.46170545356884807
DON01887,camp_invitation,0.09100000000000003,0.72,0.3858538246217093,0.47685382462170933
DON01492,camp_invitation,0.09100000000000003,0.72,0.3843519267924149,0.47535192679241495
DON02758,camp_invitation,0.09099999999999997,0.72,0.5335961811864377,0.6245961811864377
DON02407,camp_invitation,0.09099999999999997,0.72,0.46377488508036924,0.5547748850803692
DON00383,camp_invitation,0.09100000000000003,0.72,0.37316488397642444,0.46416488397642447
DON00559,camp_invitation,0.09099999999999997,0.72,0.41494877800165597,0.5059487780016559
DON00502,camp_invitation,0.09100000000000003,0.72,0.3699864717183126,0.46098647171831264
DON02412,phone_call,0.07999999999999996,0.8,0.6175546099960887,0.6975546099960886
DON02427,camp_invitation,0.09100000000000003,0.72,0.3621608266938544,0.45316082669385443
DON02894,camp_invitation,0.09100000000000003,0.72,0.445189800217277,0.536189800217277
DON01865,camp_invitation,0.09099999999999997,0.72,0.45075114134721894,0.5417511413472189
DON02753,camp_invitation,0.09099999999999997,0.72,0.5161686915037299,0.6071686915037299
DON01906,camp_invitation,0.09099999999999997,0.72,0.4578124748719741,0.548812474871974
DON02026,camp_invitation,0.09099999999999997,0.72,0.49036847903127156,0.5813684790312715
DON01594,camp_invitation,0.09099999999999997,0.72,0.5245133031757081,0.6155133031757081
DON00855,phone_call,0.07999999999999996,0.8,0.5755623916945738,0.6555623916945738
DON02320,phone_call,0.07999999999999996,0.8,0.6704852644283483,0.7504852644283483
DON02435,camp_invitation,0.09099999999999997,0.72,0.5137601210014398,0.6047601210014397
DON00020,camp_invitation,0.09100000000000003,0.72,0.4376741269242626,0.5286741269242626
DON01144,camp_invitation,0.09100000000000003,0.72,0.38166315092865233,0.47266315092865235
DON01230,camp_invitation,0.09100000000000003,0.72,0.4277348998490282,0.5187348998490282
DON03471,camp_invitation,0.09100000000000003,0.72,0.41926240596785974,0.5102624059678598
DON02178,camp_invitation,0.09099999999999997,0.72,0.4725841003386373,0.5635841003386373
DON01095,camp_invitation,0.09100000000000003,0.72,0.4474494504712481,0.5384494504712481
DON03140,camp_invitation,0.09099999999999997,0.72,0.4244100840855023,0.5154100840855023
DON01473,camp_invitation,0.09099999999999997,0.72,0.4322876368483034,0.5232876368483034
DON02490,camp_invitation,0.09100000000000003,0.72,0.4030297038413905,0.4940297038413905
DON01768,phone_call,0.11199999999999999,0.8,0.3778551127343303,0.4898551127343303
DON00155,camp_invitation,0.09099999999999997,0.72,0.4311561657677446,0.5221561657677446
DON00010,camp_invitation,0.09100000000000003,0.72,0.3952293936417824,0.4862293936417824
DON01962,camp_invitation,0.09100000000000003,0.72,0.47890856755895056,0.5699085675589506
DON01777,phone_call,0.07999999999999996,0.8,0.5802356878176584,0.6602356878176584
DON02638,phone_call,0.11199999999999999,0.8,0.5028034197111618,0.6148034197111618
DON00408,phone_call,0.07999999999999996,0.8,0.6173329794056254,0.6973329794056253
DON01173,phone_call,0.07999999999999996,0.8,0.6081543310173781,0.6881543310173781
DON03132,phone_call,0.07999999999999996,0.8,0.601485239830385,0.681485239830385
DON03375,camp_invitation,0.09099999999999997,0.72,0.5620985603894069,0.6530985603894068
DON01336,camp_invitation,0.09100000000000003,0.72,0.38399541208783533,0.47499541208783536
DON01880,phone_call,0.11199999999999999,0.8,0.426383666285991,0.538383666285991
DON03073,camp_invitation,0.09099999999999997,0.72,0.4197012462437041,0.510701246243704
DON00801,phone_call,0.07999999999999996,0.8,0.6093754416822342,0.6893754416822342
DON01269,camp_invitation,0.09100000000000003,0.72,0.38012977915004553,0.47112977915004556
DON02508,camp_invitation,0.09099999999999997,0.72,0.40933008455524145,0.5003300845552414
DON01599,phone_call,0.07999999999999996,0.8,0.6638678474730653,0.7438678474730652
DON00563,camp_invitation,0.09099999999999997,0.72,0.42794507956031447,0.5189450795603144
DON03455,camp_invitation,0.09100000000000003,0.72,0.38414192542886716,0.4751419254288672
DON02445,phone_call,0.11200000000000004,0.8,0.40232926163340915,0.5143292616334092
DON00082,phone_call,0.11199999999999993,0.8,0.43914983352438924,0.5511498335243892
DON00916,phone_call,0.07999999999999996,0.8,0.6220508676280785,0.7020508676280784
DON01121,camp_invitation,0.09099999999999997,0.72,0.41487181946693785,0.5058718194669378
DON02539,camp_invitation,0.09100000000000003,0.72,0.34544229136511173,0.43644229136511176
DON01152,camp_invitation,0.09100000000000003,0.72,0.46765911087779727,0.5586591108777973
DON00945,camp_invitation,0.09100000000000003,0.72,0.3940066470816518,0.4850066470816518
DON01870,camp_invitation,0.09100000000000003,0.72,0.3870212828911389,0.47802128289113893
DON00510,camp_invitation,0.09100000000000003,0.72,0.3804099390324879,0.4714099390324879
DON01053,camp_invitation,0.09100000000000003,0.72,0.4809839761687336,0.5719839761687336
DON01470,camp_invitation,0.09099999999999997,0.72,0.44615981653218306,0.537159816532183
DON03178,camp_invitation,0.09100000000000003,0.72,0.3671542558568887,0.45815425585688874
DON01605,phone_call,0.11199999999999999,0.8,0.38098707547269967,0.49298707547269965
DON00922,phone_call,0.07999999999999996,0.8,0.5494749191263738,0.6294749191263738
DON03421,phone_call,0.07999999999999996,0.8,0.6113162569031731,0.6913162569031731
DON02683,phone_call,0.07999999999999996,0.8,0.6587212508129302,0.7387212508129302
DON02850,camp_invitation,0.09099999999999997,0.72,0.5655361832207206,0.6565361832207206
DON01189,camp_invitation,0.09099999999999997,0.72,0.5793186902498569,0.6703186902498569
DON01355,phone_call,0.07999999999999996,0.8,0.6201913172903181,0.700191317290318
DON00491,camp_invitation,0.09100000000000003,0.72,0.40226368938606333,0.49326368938606335
DON02920,camp_invitation,0.09100000000000003,0.72,0.4100383054129784,0.5010383054129784
DON02972,camp_invitation,0.09100000000000003,0.72,0.4182897989547008,0.5092897989547008
DON00402,camp_invitation,0.09099999999999997,0.72,0.5019039400075997,0.5929039400075997
DON03347,camp_invitation,0.09100000000000003,0.72,0.40774854927456505,0.4987485492745651
DON00412,camp_invitation,0.09100000000000003,0.72,0.3978013566957092,0.48880135669570923
DON01898,phone_call,0.11199999999999999,0.8,0.3767552190516742,0.4887552190516742
DON01157,camp_invitation,0.09099999999999997,0.72,0.500024433700181,0.591024433700181
DON03394,camp_invitation,0.09100000000000003,0.72,0.37941544063499416,0.4704154406349942
DON01563,phone_call,0.07999999999999996,0.8,0.5945889668817144,0.6745889668817143
DON02056,phone_call,0.07999999999999996,0.8,0.5482017875485165,0.6282017875485164
DON02308,camp_invitation,0.09099999999999997,0.72,0.47627479952552143,0.5672747995255214
DON01226,camp_invitation,0.09100000000000003,0.72,0.40833397740274907,0.4993339774027491
DON00627,camp_invitation,0.09099999999999997,0.72,0.43892404499565263,0.5299240449956526
DON01611,camp_invitation,0.09099999999999997,0.72,0.5501215582203405,0.6411215582203404
DON02471,camp_invitation,0.09100000000000003,0.72,0.34927974848500437,0.4402797484850044
DON00206,camp_invitation,0.09100000000000003,0.72,0.40032661661269425,0.4913266166126943
DON02198,camp_invitation,0.09100000000000003,0.72,0.4592516082768792,0.5502516082768792
DON01582,camp_invitation,0.09100000000000003,0.72,0.48193740886527686,0.5729374088652769
DON00264,camp_invitation,0.09100000000000003,0.72,0.4894465369332856,0.5804465369332856
DON02266,camp_invitation,0.09100000000000003,0.72,0.41269007661444407,0.5036900766144441
DON02659,camp_invitation,0.09100000000000003,0.72,0.37221372380023104,0.46321372380023107
DON02678,camp_invitation,0.09100000000000003,0.72,0.3865931268886306,0.47759312688863065
DON02062,camp_invitation,0.09100000000000003,0.72,0.4088222890108362,0.49982228901083625
DON03322,camp_invitation,0.09100000000000003,0.72,0.3617523331534319,0.45275233315343194
DON01960,camp_invitation,0.09100000000000003,0.72,0.38468662453840874,0.47568662453840876
DON01535,phone_call,0.07999999999999996,0.8,0.5559300675847304,0.6359300675847304
DON00475,phone_call,0.07999999999999996,0.8,0.5746898868691206,0.6546898868691206
DON02675,camp_invitation,0.09100000000000003,0.72,0.43887441512204634,0.5298744151220464
DON02676,camp_invitation,0.09100000000000003,0.72,0.43526800021528483,0.5262680002152849
DON00530,camp_invitation,0.09100000000000003,0.72,0.38509034578725376,0.4760903457872538
DON01109,camp_invitation,0.09099999999999997,0.72,0.41000530977535454,0.5010053097753545
DON00940,camp_invitation,0.09100000000000003,0.72,0.3775275126358883,0.4685275126358883
DON03161,phone_call,0.11199999999999999,0.8,0.36425119997600247,0.47625119997600246
DON01005,camp_invitation,0.09099999999999997,0.72,0.441931313660196,0.532931313660196
DON01874,camp_invitation,0.09099999999999997,0.72,0.4169969628427034,0.5079969628427033
DON01357,camp_invitation,0.09099999999999997,0.72,0.4608338435562722,0.5518338435562722
DON00286,camp_invitation,0.09100000000000003,0.72,0.40500521121965677,0.4960052112196568
DON00261,phone_call,0.07999999999999996,0.8,0.6054656421434922,0.6854656421434921
DON00597,camp_invitation,0.09099999999999997,0.72,0.44012953441388214,0.5311295344138821
DON00237,phone_call,0.11199999999999999,0.8,0.3679166303860825,0.4799166303860825
DON02542,phone_call,0.07999999999999996,0.8,0.6042018820184091,0.684201882018409
DON01161,camp_invitation,0.09100000000000003,0.72,0.3716925913867162,0.4626925913867162
DON01088,camp_invitation,0.09099999999999997,0.72,0.4607856442760251,0.5517856442760251
DON00382,phone_call,0.11199999999999999,0.8,0.3932240564888265,0.5052240564888265
DON02319,camp_invitation,0.09100000000000003,0.72,0.45220948193815264,0.5432094819381527
DON01966,phone_call,0.11199999999999999,0.8,0.3918811268743716,0.5038811268743716
DON01074,camp_invitation,0.09100000000000003,0.72,0.387380130684183,0.478380130684183
DON00289,camp_invitation,0.09100000000000003,0.72,0.4271861125780895,0.5181861125780896
DON03033,phone_call,0.11199999999999999,0.8,0.47212376004377266,0.5841237600437726
DON03036,camp_invitation,0.09099999999999997,0.72,0.49237406319240584,0.5833740631924058
DON02805,camp_invitation,0.09100000000000003,0.72,0.3612270038084944,0.4522270038084944
DON00074,phone_call,0.11199999999999999,0.8,0.39004071932043216,0.5020407193204321
DON02978,phone_call,0.11199999999999999,0.8,0.3665640604194839,0.4785640604194839
DON01318,phone_call,0.07999999999999996,0.8,0.6044170064325859,0.6844170064325859
DON00114,camp_invitation,0.09099999999999997,0.72,0.4869424539458833,0.5779424539458833
DON02640,camp_invitation,0.09100000000000003,0.72,0.4745814432315008,0.5655814432315008
DON02451,camp_invitation,0.09100000000000003,0.72,0.38791785292252173,0.47891785292252176
DON02817,phone_call,0.07999999999999996,0.8,0.641467901031668,0.7214679010316679
DON00979,phone_call,0.11199999999999999,0.8,0.5526062511578953,0.6646062511578953
DON01022,phone_call,0.07999999999999996,0.8,0.6552101991433312,0.7352101991433312
DON01619,camp_invitation,0.09099999999999997,0.72,0.5384191076301762,0.6294191076301762
DON03112,phone_call,0.07999999999999996,0.8,0.5767092326244747,0.6567092326244747
DON02167,phone_call,0.07999999999999996,0.8,0.6738800927278408,0.7538800927278407
DON02161,camp_invitation,0.09100000000000003,0.72,0.4550368273497674,0.5460368273497674
DON02823,camp_invitation,0.09100000000000003,0.72,0.40017930726293305,0.4911793072629331
DON02533,phone_call,0.11200000000000004,0.8,0.43453782262565116,0.5465378226256512
DON00800,camp_invitation,0.09099999999999997,0.72,0.46354545836657246,0.5545454583665724
DON02579,camp_invitation,0.09099999999999997,0.72,0.4096790182548433,0.5006790182548433
DON02421,camp_invitation,0.09100000000000003,0.72,0.4550036502483125,0.5460036502483125
DON01090,phone_call,0.11199999999999999,0.8,0.37701321935702664,0.48901321935702663
DON02671,camp_invitation,0.09099999999999997,0.72,0.475897233985612,0.566897233985612
DON00757,phone_call,0.07999999999999996,0.8,0.6045715453571372,0.6845715453571372
DON01528,phone_call,0.07999999999999996,0.8,0.6235874663483655,0.7035874663483654
DON02618,phone_call,0.07999999999999996,0.8,0.6108790441014353,0.6908790441014353
DON02964,phone_call,0.07999999999999996,0.8,0.6001428207163727,0.6801428207163727
DON01289,phone_call,0.08000000000000002,0.8,0.43782869785964235,0.5178286978596424
DON02588,camp_invitation,0.09099999999999997,0.72,0.5222637311463236,0.6132637311463236
DON02642,camp_invitation,0.09100000000000003,0.72,0.37320628726763855,0.4642062872676386
DON01367,camp_invitation,0.09100000000000003,0.72,0.4415286536515732,0.5325286536515732
DON02343,camp_invitation,0.09100000000000003,0.72,0.3865236351059279,0.47752363510592793
DON02111,camp_invitation,0.09100000000000003,0.72,0.4189057659401754,0.5099057659401754
DON00234,camp_invitation,0.09100000000000003,0.72,0.38818823761775906,0.4791882376177591
DON00789,camp_invitation,0.09099999999999997,0.72,0.46129695847412566,0.5522969584741256
DON03312,camp_invitation,0.09100000000000003,0.72,0.38651511561757806,0.4775151156175781
DON00565,camp_invitation,0.09099999999999997,0.72,0.49245201389263293,0.5834520138926329
DON02652,camp_invitation,0.09099999999999997,0.72,0.43785246679774226,0.5288524667977422
DON02965,camp_invitation,0.09099999999999997,0.72,0.4175135161938228,0.5085135161938228
DON03409,camp_invitation,0.09100000000000003,0.72,0.46760764295542373,0.5586076429554238
DON02205,phone_call,0.07999999999999996,0.8,0.6243533497113977,0.7043533497113976
DON00988,phone_call,0.11199999999999999,0.8,0.384370004052197,0.496370004052197
DON03469,camp_invitation,0.09100000000000003,0.72,0.38568668785849347,0.4766866878584935
DON00172,camp_invitation,0.09100000000000003,0.72,0.43906784781603764,0.5300678478160377
DON03280,camp_invitation,0.09100000000000003,0.72,0.3906614752740428,0.48166147527404285
DON00396,phone_call,0.11200000000000004,0.8,0.4881095140537433,0.6001095140537434
DON01974,camp_invitation,0.09100000000000003,0.72,0.38649853297481973,0.47749853297481976
DON03083,camp_invitation,0.09099999999999997,0.72,0.4383821617041478,0.5293821617041478
DON03472,phone_call,0.07999999999999996,0.8,0.6358622822027157,0.7158622822027156
DON02792,camp_invitation,0.09100000000000003,0.72,0.3769037071971283,0.4679037071971283
DON00507,camp_invitation,0.09100000000000003,0.72,0.3463756962115252,0.4373756962115252
DON01766,phone_call,0.11199999999999999,0.8,0.3718023697262771,0.4838023697262771
DON01940,phone_call,0.07999999999999996,0.8,0.6407941847035713,0.7207941847035713
DON02975,camp_invitation,0.09099999999999997,0.72,0.4230034992677906,0.5140034992677905
DON03075,phone_call,0.11199999999999999,0.8,0.3628816590010407,0.4748816590010407
DON03362,phone_call,0.07999999999999996,0.8,0.5663267447092915,0.6463267447092914
DON01288,camp_invitation,0.09099999999999997,0.72,0.445897391147551,0.536897391147551
DON01118,camp_invitation,0.09100000000000003,0.72,0.4854704596043418,0.5764704596043418
DON03473,phone_call,0.07999999999999996,0.8,0.5687579191238727,0.6487579191238727
DON02087,phone_call,0.07999999999999996,0.8,0.607453532721047,0.6874535327210469
DON02735,phone_call,0.07999999999999996,0.8,0.5891132410496965,0.6691132410496965
DON01460,phone_call,0.07999999999999996,0.8,0.65018295623808,0.7301829562380799
DON01675,camp_invitation,0.09099999999999997,0.72,0.41559000531657264,0.5065900053165726
DON01222,phone_call,0.11199999999999999,0.8,0.3837007076911098,0.4957007076911098
DON00393,phone_call,0.07999999999999996,0.8,0.583481457882431,0.663481457882431
DON03326,phone_call,0.11199999999999999,0.8,0.3510428157954244,0.4630428157954244
DON03118,camp_invitation,0.09100000000000003,0.72,0.4026429616645932,0.4936429616645932
DON00299,camp_invitation,0.09100000000000003,0.72,0.38533998721663865,0.47633998721663867
DON02153,phone_call,0.07999999999999996,0.8,0.5674548654189739,0.6474548654189739
DON02100,camp_invitation,0.09100000000000003,0.72,0.34851557915301307,0.4395155791530131
DON02641,phone_call,0.07999999999999996,0.8,0.5903551979364958,0.6703551979364958
DON00733,phone_call,0.11199999999999999,0.8,0.43004405133384727,0.5420440513338473
DON01442,camp_invitation,0.09100000000000003,0.72,0.4534526320091206,0.5444526320091206
DON00660,phone_call,0.08000000000000002,0.8,0.45910903345464665,0.5391090334546467
DON01896,camp_invitation,0.09100000000000003,0.72,0.42207953520721536,0.5130795352072154
DON02015,phone_call,0.07999999999999996,0.8,0.6569761766958759,0.7369761766958759
DON00450,camp_invitation,0.09100000000000003,0.72,0.4172059863225788,0.5082059863225789
DON02540,camp_invitation,0.09100000000000003,0.72,0.3698224251625529,0.46082242516255295
DON00285,phone_call,0.11199999999999999,0.8,0.36505841775321873,0.4770584177532187
DON02199,phone_call,0.07999999999999996,0.8,0.5486690131661964,0.6286690131661964
DON01025,camp_invitation,0.09100000000000003,0.72,0.40537385047993546,0.4963738504799355
DON03294,camp_invitation,0.09099999999999997,0.72,0.42273696435176455,0.5137369643517645
DON02990,phone_call,0.07999999999999996,0.8,0.5476872118066252,0.6276872118066251
DON03377,phone_call,0.07999999999999996,0.8,0.5341035402440175,0.6141035402440175
DON02534,camp_invitation,0.09100000000000003,0.72,0.40633930354650755,0.49733930354650757
DON00211,camp_invitation,0.09100000000000003,0.72,0.47847241608156516,0.5694724160815652
DON02928,camp_invitation,0.09100000000000003,0.72,0.44630245458874945,0.5373024545887495
DON01420,phone_call,0.07999999999999996,0.8,0.5395402989348709,0.6195402989348708
DON02779,camp_invitation,0.09100000000000003,0.72,0.3744402217184349,0.4654402217184349
DON02754,camp_invitation,0.09099999999999997,0.72,0.4214600190210065,0.5124600190210065
DON00698,camp_invitation,0.09100000000000003,0.72,0.3806378300036343,0.47163783000363435
DON01200,camp_invitation,0.09100000000000003,0.72,0.447921116437683,0.538921116437683
DON01662,camp_invitation,0.09100000000000003,0.72,0.39204824204947375,0.4830482420494738
DON00350,phone_call,0.07999999999999996,0.8,0.5807285664109315,0.6607285664109315
DON00219,camp_invitation,0.09100000000000003,0.72,0.35182942608506773,0.44282942608506776
DON02845,camp_invitation,0.09100000000000003,0.72,0.3961369560081725,0.48713695600817253
DON02794,phone_call,0.11199999999999999,0.8,0.377988733052291,0.489988733052291
DON03323,camp_invitation,0.09100000000000003,0.72,0.4778446964333572,0.5688446964333572
DON01307,camp_invitation,0.09100000000000003,0.72,0.317031447049012,0.408031447049012
DON01820,camp_invitation,0.09100000000000003,0.72,0.347835121656467,0.43883512165646704
DON00909,phone_call,0.07999999999999996,0.8,0.5392105660836898,0.6192105660836897
DON02615,camp_invitation,0.09100000000000003,0.72,0.37768643513337824,0.46868643513337827
DON01699,camp_invitation,0.09100000000000003,0.72,0.3861747078150457,0.47717470781504573
DON02341,phone_call,0.07999999999999996,0.8,0.5300986979077218,0.6100986979077218
DON02616,phone_call,0.07999999999999996,0.8,0.5987357943469205,0.6787357943469204
DON01686,phone_call,0.11199999999999999,0.8,0.5500841646008587,0.6620841646008587
DON00029,phone_call,0.07999999999999996,0.8,0.5704126758678685,0.6504126758678684
DON01302,phone_call,0.07999999999999996,0.8,0.5721351195921014,0.6521351195921014
DON01235,phone_call,0.07999999999999996,0.8,0.6251161744868214,0.7051161744868214
DON02523,phone_call,0.07999999999999996,0.8,0.5651213013266634,0.6451213013266633
DON01666,phone_call,0.07999999999999996,0.8,0.6238535995594527,0.7038535995594527
DON00290,camp_invitation,0.09099999999999997,0.72,0.46304163628891104,0.554041636288911
DON03349,camp_invitation,0.09100000000000003,0.72,0.38619714936316357,0.4771971493631636
DON00362,camp_invitation,0.09099999999999997,0.72,0.47877196344676787,0.5697719634467678
DON01207,camp_invitation,0.09100000000000003,0.72,0.41176668130718,0.50276668130718
DON00342,camp_invitation,0.09100000000000003,0.72,0.4252823415578307,0.5162823415578307
DON02635,camp_invitation,0.09100000000000003,0.72,0.32778341738738515,0.41878341738738517
DON03446,camp_invitation,0.09100000000000003,0.72,0.45443365753248227,0.5454336575324823
DON00371,camp_invitation,0.09100000000000003,0.72,0.368499734295385,0.45949973429538504
DON01643,phone_call,0.07999999999999996,0.8,0.508674922912664,0.588674922912664
DON00060,camp_invitation,0.09100000000000003,0.72,0.40449267601792493,0.49549267601792496
DON03198,camp_invitation,0.09100000000000003,0.72,0.40824730199376497,0.499247301993765
DON01490,phone_call,0.07999999999999996,0.8,0.6478848324476423,0.7278848324476422
DON00163,camp_invitation,0.09100000000000003,0.72,0.40696842950035245,0.49796842950035247
DON03398,phone_call,0.07999999999999996,0.8,0.5527958494284086,0.6327958494284086
DON00828,camp_invitation,0.09100000000000003,0.72,0.33944909979932264,0.43044909979932267
DON01738,phone_call,0.11199999999999999,0.8,0.33285257916106054,0.4448525791610605
DON00764,phone_call,0.08000000000000002,0.8,0.4725214161484363,0.5525214161484363
DON01964,camp_invitation,0.09100000000000003,0.72,0.3181038298755916,0.40910382987559163
DON00858,camp_invitation,0.09100000000000003,0.72,0.40343361806735273,0.49443361806735275
DON00770,camp_invitation,0.09100000000000003,0.72,0.4024509599689758,0.4934509599689758
DON00439,phone_call,0.07999999999999996,0.8,0.5243355942729327,0.6043355942729327
DON00068,phone_call,0.07999999999999996,0.8,0.6694944016503441,0.7494944016503441
DON00852,phone_call,0.07999999999999996,0.8,0.5794255010682094,0.6594255010682094
DON02129,phone_call,0.07999999999999996,0.8,0.6213323482197952,0.7013323482197952
DON01358,camp_invitation,0.09100000000000003,0.72,0.40962618412927193,0.500626184129272
DON03069,camp_invitation,0.09099999999999997,0.72,0.43231992806094854,0.5233199280609485
DON01667,camp_invitation,0.09100000000000003,0.72,0.34460699093291464,0.43560699093291466
DON01172,camp_invitation,0.09100000000000003,0.72,0.3812768706905976,0.47227687069059765
DON01429,camp_invitation,0.09100000000000003,0.72,0.3611839439528176,0.45218394395281764
DON00928,camp_invitation,0.09100000000000003,0.72,0.37742303817110723,0.46842303817110725
DON00894,phone_call,0.11199999999999999,0.8,0.3267347527717027,0.4387347527717027
DON01929,camp_invitation,0.09100000000000003,0.72,0.37762172264567284,0.46862172264567287
DON02598,camp_invitation,0.09100000000000003,0.72,0.43574430961314564,0.5267443096131457
DON03004,camp_invitation,0.09100000000000003,0.72,0.36268133029282645,0.4536813302928265
DON03461,phone_call,0.08000000000000002,0.8,0.46745356777063213,0.5474535677706321
DON01673,phone_call,0.11199999999999993,0.8,0.39451740318163736,0.5065174031816373
DON01184,phone_call,0.11199999999999999,0.8,0.33707097679038656,0.44907097679038654
DON02852,camp_invitation,0.09100000000000003,0.72,0.3525914456704801,0.44359144567048014
DON01322,camp_invitation,0.09100000000000003,0.72,0.41424450397608675,0.5052445039760868
DON02752,phone_call,0.07999999999999996,0.8,0.5275827335311987,0.6075827335311986
DON02565,camp_invitation,0.09100000000000003,0.72,0.4025843735949442,0.4935843735949442
DON00817,camp_invitation,0.09100000000000003,0.72,0.44475662914340014,0.5357566291434002
DON02163,phone_call,0.07999999999999996,0.8,0.6084724243709994,0.6884724243709993
DON01132,camp_invitation,0.09099999999999997,0.72,0.5349779225666008,0.6259779225666008
DON02112,camp_invitation,0.09099999999999997,0.72,0.5125037550652213,0.6035037550652212
DON01034,camp_invitation,0.09100000000000003,0.72,0.3802754148783304,0.4712754148783304
DON03144,camp_invitation,0.09100000000000003,0.72,0.35123014295552324,0.44223014295552326
DON01949,camp_invitation,0.09100000000000003,0.72,0.3944353672332095,0.4854353672332095
DON01744,camp_invitation,0.09100000000000003,0.72,0.43760748087504425,0.5286074808750443
DON03030,phone_call,0.11199999999999999,0.8,0.34109108042225633,0.4530910804222563
DON02551,camp_invitation,0.09100000000000003,0.72,0.4892803935443561,0.5802803935443561
DON02602,camp_invitation,0.09099999999999997,0.72,0.4371549419320939,0.5281549419320939
DON01272,camp_invitation,0.09100000000000003,0.72,0.40659644165616643,0.49759644165616645
DON00609,camp_invitation,0.09099999999999997,0.72,0.45143845772838476,0.5424384577283847
DON03086,camp_invitation,0.09100000000000003,0.72,0.4172443183498676,0.5082443183498676
DON02272,camp_invitation,0.09099999999999997,0.72,0.4133359710059603,0.5043359710059603
DON00841,camp_invitation,0.09100000000000003,0.72,0.4264992582833033,0.5174992582833033
DON00418,camp_invitation,0.09100000000000003,0.72,0.45218982135607527,0.5431898213560753
DON02768,camp_invitation,0.09099999999999997,0.72,0.4290130046622911,0.5200130046622911
DON02277,camp_invitation,0.09099999999999997,0.72,0.4130171717851071,0.5040171717851071
DON00167,camp_invitation,0.09100000000000003,0.72,0.36066598623723223,0.45166598623723225
DON00874,camp_invitation,0.09100000000000003,0.72,0.4056161425102032,0.49661614251020325
DON01139,camp_invitation,0.09100000000000003,0.72,0.3311036716859612,0.42210367168596125
DON00400,camp_invitation,0.09099999999999997,0.72,0.5560588740376577,0.6470588740376577
DON02621,phone_call,0.07999999999999996,0.8,0.6324218334751823,0.7124218334751823
DON00186,camp_invitation,0.09100000000000003,0.72,0.34299754876087585,0.4339975487608759
DON02848,camp_invitation,0.09099999999999997,0.72,0.4666508023175554,0.5576508023175554
DON02712,phone_call,0.11199999999999999,0.8,0.36909606261318706,0.48109606261318705
DON00376,phone_call,0.11199999999999993,0.8,0.390536798752773,0.5025367987527729
DON00224,phone_call,0.11199999999999999,0.8,0.37650767846076477,0.48850767846076476
DON00295,phone_call,0.07999999999999996,0.8,0.6421841921867771,0.7221841921867771
DON00122,phone_call,0.07999999999999996,0.8,0.5840484561671436,0.6640484561671436
DON01340,phone_call,0.07999999999999996,0.8,0.6593030224743179,0.7393030224743179
DON02581,phone_call,0.07999999999999996,0.8,0.5667874817186832,0.6467874817186832
DON00851,phone_call,0.07999999999999996,0.8,0.6322722646171114,0.7122722646171114
DON02415,phone_call,0.07999999999999996,0.8,0.5717836482819282,0.6517836482819281
DON02707,phone_call,0.07999999999999996,0.8,0.5661064588699442,0.6461064588699441
DON01627,phone_call,0.07999999999999996,0.8,0.5622823470891195,0.6422823470891195
DON01187,phone_call,0.07999999999999996,0.8,0.6243558695554284,0.7043558695554284
DON00608,camp_invitation,0.09100000000000003,0.72,0.39518362424459996,0.4861836242446
DON01206,camp_invitation,0.09099999999999997,0.72,0.41134400872669175,0.5023440087266917
DON02624,camp_invitation,0.09100000000000003,0.72,0.4137069988142686,0.5047069988142686
DON02122,camp_invitation,0.09100000000000003,0.72,0.42267559995273535,0.5136755999527354
DON02030,phone_call,0.11199999999999999,0.8,0.3538550972869622,0.46585509728696217
DON02041,camp_invitation,0.09099999999999997,0.72,0.4989717995913917,0.5899717995913917
DON00461,camp_invitation,0.09100000000000003,0.72,0.39220746666173495,0.483207466661735
DON03025,camp_invitation,0.09099999999999997,0.72,0.5277475171613081,0.618747517161308
DON01481,phone_call,0.07999999999999996,0.8,0.5545848803737093,0.6345848803737093
DON01669,camp_invitation,0.09100000000000003,0.72,0.37155582428918416,0.4625558242891842
DON01270,camp_invitation,0.09099999999999997,0.72,0.4425237883183254,0.5335237883183254
DON03050,camp_invitation,0.09100000000000003,0.72,0.3737089604097535,0.4647089604097535
DON02528,phone_call,0.11199999999999999,0.8,0.35886495542972807,0.47086495542972806
DON00058,camp_invitation,0.09100000000000003,0.72,0.38920165848701777,0.4802016584870178
DON01899,camp_invitation,0.09100000000000003,0.72,0.39015979790509314,0.48115979790509317
DON01491,phone_call,0.11199999999999999,0.8,0.3339419045675239,0.44594190456752386
DON01433,camp_invitation,0.09100000000000003,0.72,0.42424496733419853,0.5152449673341986
DON02099,camp_invitation,0.09099999999999997,0.72,0.49205261613774287,0.5830526161377428
DON00430,camp_invitation,0.09099999999999997,0.72,0.5535670455389463,0.6445670455389463
DON01646,camp_invitation,0.09100000000000003,0.72,0.4840031417366463,0.5750031417366464
DON00446,camp_invitation,0.09099999999999997,0.72,0.44615918656579356,0.5371591865657935
DON00458,phone_call,0.07999999999999996,0.8,0.5545779343768609,0.6345779343768608
DON01393,phone_call,0.07999999999999996,0.8,0.527155806563915,0.607155806563915
DON00415,phone_call,0.07999999999999996,0.8,0.5426874521300333,0.6226874521300333
DON03395,camp_invitation,0.09099999999999997,0.72,0.5485444050360038,0.6395444050360037
DON03316,phone_call,0.07999999999999996,0.8,0.5970870543414718,0.6770870543414718
DON01405,phone_call,0.07999999999999996,0.8,0.5074352463507725,0.5874352463507725
DON01177,phone_call,0.07999999999999996,0.8,0.5537111890157561,0.6337111890157561
DON01687,phone_call,0.07999999999999996,0.8,0.555160842902236,0.635160842902236
DON02457,phone_call,0.07999999999999996,0.8,0.5716469344019515,0.6516469344019514
DON01808,phone_call,0.07999999999999996,0.8,0.6365887857971171,0.716588785797117
DON00585,phone_call,0.07999999999999996,0.8,0.5675701211953565,0.6475701211953565
DON02985,phone_call,0.07999999999999996,0.8,0.5080032740900245,0.5880032740900245
DON01534,phone_call,0.07999999999999996,0.8,0.6601502600073071,0.7401502600073071
DON00196,phone_call,0.07999999999999996,0.8,0.52975983952286,0.60975983952286
DON00463,phone_call,0.07999999999999996,0.8,0.5160200909106274,0.5960200909106274
DON01251,phone_call,0.07999999999999996,0.8,0.5456893770954602,0.6256893770954601
DON01084,phone_call,0.07999999999999996,0.8,0.6022786696353004,0.6822786696353004
DON01680,phone_call,0.08000000000000002,0.8,0.47408940147919904,0.554089401479199
DON03027,camp_invitation,0.09099999999999997,0.72,0.49016560554077093,0.5811656055407709
DON01893,phone_call,0.07999999999999996,0.8,0.5801957533779823,0.6601957533779823
DON01526,camp_invitation,0.09100000000000003,0.72,0.47291784020654576,0.5639178402065458
DON01091,camp_invitation,0.09100000000000003,0.72,0.4199161578549005,0.5109161578549005
DON00085,phone_call,0.11199999999999999,0.8,0.4187816743609907,0.5307816743609907
DON03015,camp_invitation,0.09100000000000003,0.72,0.43061180200294974,0.5216118020029498
DON01077,camp_invitation,0.09100000000000003,0.72,0.41618688674172083,0.5071868867417209
DON01215,camp_invitation,0.09100000000000003,0.72,0.3119820426026926,0.4029820426026926
DON02708,camp_invitation,0.09099999999999997,0.72,0.4138409942496909,0.5048409942496909
DON01395,camp_invitation,0.09100000000000003,0.72,0.3854391470175553,0.4764391470175553
DON02506,phone_call,0.07999999999999996,0.8,0.588914210078243,0.6689142100782429
DON01194,phone_call,0.07999999999999996,0.8,0.525559757330662,0.6055597573306619
DON03231,camp_invitation,0.09100000000000003,0.72,0.48270028863872466,0.5737002886387247
DON01448,camp_invitation,0.09100000000000003,0.72,0.4173905958750604,0.5083905958750604
DON02442,phone_call,0.07999999999999996,0.8,0.4747723001630998,0.5547723001630998
DON02349,camp_invitation,0.09100000000000003,0.72,0.312333507160348,0.40333350716034805
DON00212,camp_invitation,0.09099999999999997,0.72,0.41978443972909674,0.5107844397290967
DON03352,phone_call,0.11199999999999993,0.8,0.3946130620868417,0.5066130620868416
DON01715,camp_invitation,0.09100000000000003,0.72,0.4761162496850248,0.5671162496850248
DON01708,camp_invitation,0.09100000000000003,0.72,0.4458556460798468,0.5368556460798468
DON00225,phone_call,0.07999999999999996,0.8,0.6100154489606995,0.6900154489606994
DON00038,phone_call,0.07999999999999996,0.8,0.5419569578379982,0.6219569578379982
DON02149,phone_call,0.07999999999999996,0.8,0.5001641449694677,0.5801641449694677
DON03122,phone_call,0.07999999999999996,0.8,0.5552266799729313,0.6352266799729313
DON00296,camp_invitation,0.09100000000000003,0.72,0.4058427058609878,0.49684270586098783
DON00994,camp_invitation,0.09099999999999997,0.72,0.4633056413471589,0.5543056413471589
DON03341,phone_call,0.07999999999999996,0.8,0.5596537783394059,0.6396537783394058
DON00226,camp_invitation,0.09100000000000003,0.72,0.31698252310009956,0.4079825231000996
DON00598,camp_invitation,0.09099999999999997,0.72,0.4323696738866627,0.5233696738866627
DON02110,camp_invitation,0.09100000000000003,0.72,0.3815738612943876,0.4725738612943876
DON01806,camp_invitation,0.09100000000000003,0.72,0.4307114577078233,0.5217114577078233
DON01312,phone_call,0.11199999999999999,0.8,0.35669161421258955,0.46869161421258954
DON03143,phone_call,0.07999999999999996,0.8,0.5210970026385239,0.6010970026385238
DON03194,phone_call,0.07999999999999996,0.8,0.5415997475676312,0.6215997475676311
DON02522,camp_invitation,0.09099999999999997,0.72,0.5111838322909924,0.6021838322909924
DON00309,phone_call,0.07999999999999996,0.8,0.6504585821955828,0.7304585821955828
DON02060,phone_call,0.07999999999999996,0.8,0.5481892326664571,0.6281892326664571
DON00595,camp_invitation,0.09099999999999997,0.72,0.4186685950756456,0.5096685950756455
DON00957,camp_invitation,0.09100000000000003,0.72,0.3476343370077012,0.4386343370077012
DON01970,camp_invitation,0.09100000000000003,0.72,0.3596984085138985,0.45069840851389853
DON01027,phone_call,0.11199999999999999,0.8,0.40476408849859624,0.5167640884985962
DON02172,phone_call,0.07999999999999996,0.8,0.5233403850033828,0.6033403850033827
DON01778,phone_call,0.07999999999999996,0.8,0.5691847654886975,0.6491847654886974
DON02860,phone_call,0.07999999999999996,0.8,0.5474398049812684,0.6274398049812684
DON01372,phone_call,0.11199999999999999,0.8,0.36978043182902887,0.48178043182902885
DON02891,camp_invitation,0.09100000000000003,0.72,0.36838166279896817,0.4593816627989682
DON01183,camp_invitation,0.09100000000000003,0.72,0.40422135214504046,0.4952213521450405
DON01227,camp_invitation,0.09100000000000003,0.72,0.40619492843114674,0.49719492843114677
DON02751,camp_invitation,0.09100000000000003,0.72,0.3107858683569638,0.40178586835696384
DON03410,camp_invitation,0.09100000000000003,0.72,0.382202992270815,0.473202992270815
DON00659,camp_invitation,0.09100000000000003,0.72,0.3587029011647082,0.44970290116470824
DON02425,camp_invitation,0.09100000000000003,0.72,0.3987180058580167,0.4897180058580167
DON01983,phone_call,0.07999999999999996,0.8,0.5154129363464887,0.5954129363464886
DON00978,phone_call,0.07999999999999996,0.8,0.608797676186776,0.688797676186776
DON02344,phone_call,0.07999999999999996,0.8,0.6281554228782495,0.7081554228782495
DON01371,phone_call,0.07999999999999996,0.8,0.5429363089663438,0.6229363089663438
DON03418,camp_invitation,0.09099999999999997,0.72,0.45031293964721175,0.5413129396472117
DON03450,phone_call,0.07999999999999996,0.8,0.5572786838719241,0.6372786838719241
DON00173,camp_invitation,0.09099999999999997,0.72,0.5517379572188289,0.6427379572188289
DON01691,camp_invitation,0.09100000000000003,0.72,0.43112294926793576,0.5221229492679358
DON01268,phone_call,0.07999999999999996,0.8,0.6186723578555955,0.6986723578555954
DON01967,phone_call,0.11199999999999999,0.8,0.5635073137809303,0.6755073137809303
DON00423,phone_call,0.07999999999999996,0.8,0.6521627196354065,0.7321627196354065
DON03327,phone_call,0.07999999999999996,0.8,0.6484586430368882,0.7284586430368881
DON03335,camp_invitation,0.09099999999999997,0.72,0.5625439887820551,0.6535439887820551
DON01930,phone_call,0.07999999999999996,0.8,0.5210075591633627,0.6010075591633627
DON00310,phone_call,0.07999999999999996,0.8,0.5526453398469203,0.6326453398469203
DON00263,phone_call,0.07999999999999996,0.8,0.5855057038159134,0.6655057038159133
DON02810,camp_invitation,0.09099999999999997,0.72,0.4594026652806562,0.5504026652806562
DON00939,camp_invitation,0.09099999999999997,0.72,0.4407051872633132,0.5317051872633132
DON01497,camp_invitation,0.09099999999999997,0.72,0.5006545620367986,0.5916545620367986
DON02355,camp_invitation,0.09100000000000003,0.72,0.3256851746367716,0.4166851746367716
DON02796,phone_call,0.07999999999999996,0.8,0.6025684787602232,0.6825684787602232
DON00433,phone_call,0.07999999999999996,0.8,0.5796192520592347,0.6596192520592347
DON02159,camp_invitation,0.09100000000000003,0.72,0.3897761113420927,0.48077611134209275
DON01665,camp_invitation,0.09099999999999997,0.72,0.42787509889618147,0.5188750988961814
DON01816,phone_call,0.07999999999999996,0.8,0.6157790376487654,0.6957790376487654
DON02784,camp_invitation,0.09100000000000003,0.72,0.4008272567834412,0.49182725678344125
DON01199,phone_call,0.11199999999999999,0.8,0.38088997337976543,0.4928899733797654
DON03371,camp_invitation,0.09100000000000003,0.72,0.37209275136638537,0.4630927513663854
DON00378,phone_call,0.11199999999999999,0.8,0.31933057907644297,0.43133057907644295
DON01914,phone_call,0.11199999999999999,0.8,0.3940153222156013,0.5060153222156013
DON01347,phone_call,0.07999999999999996,0.8,0.5993415202160932,0.6793415202160932
DON00859,phone_call,0.07999999999999996,0.8,0.5392839876012829,0.6192839876012829
DON01171,camp_invitation,0.09100000000000003,0.72,0.4348707270023103,0.5258707270023103
DON00148,camp_invitation,0.09099999999999997,0.72,0.5706718519882009,0.6616718519882009
DON00492,phone_call,0.11199999999999999,0.8,0.508780385949753,0.6207803859497529
DON00277,phone_call,0.07999999999999996,0.8,0.6018202408288374,0.6818202408288374
DON00027,phone_call,0.07999999999999996,0.8,0.6090809469027706,0.6890809469027706
DON00884,camp_invitation,0.09100000000000003,0.72,0.4405219088053603,0.5315219088053603
DON02310,phone_call,0.11199999999999999,0.8,0.4411444754416687,0.5531444754416687
DON00899,phone_call,0.07999999999999996,0.8,0.53656581018515,0.61656581018515
DON01963,phone_call,0.07999999999999996,0.8,0.5244180002217742,0.6044180002217742
DON01159,phone_call,0.07999999999999996,0.8,0.6407554086786922,0.7207554086786921
DON02926,camp_invitation,0.09099999999999997,0.72,0.543423439075295,0.634423439075295
DON03431,camp_invitation,0.09100000000000003,0.72,0.3519333378244796,0.44293333782447963
DON03336,camp_invitation,0.09100000000000003,0.72,0.4208552610200728,0.5118552610200728
DON00345,camp_invitation,0.09100000000000003,0.72,0.4834618035405304,0.5744618035405304
DON00678,camp_invitation,0.09100000000000003,0.72,0.32311306421218755,0.4141130642121876
DON02630,phone_call,0.07999999999999996,0.8,0.5760657011554948,0.6560657011554948
DON01902,camp_invitation,0.09100000000000003,0.72,0.34578351972064375,0.4367835197206438
DON02361,phone_call,0.07999999999999996,0.8,0.623343776317562,0.703343776317562
DON00247,camp_invitation,0.09100000000000003,0.72,0.362244121425091,0.453244121425091
DON02089,phone_call,0.07999999999999996,0.8,0.5654099348107889,0.6454099348107889
DON00987,phone_call,0.11199999999999999,0.8,0.3616689578548373,0.4736689578548373
DON00590,camp_invitation,0.09100000000000003,0.72,0.43077173126354446,0.5217717312635445
DON01717,phone_call,0.07999999999999996,0.8,0.5545972623981554,0.6345972623981554
DON01857,phone_call,0.07999999999999996,0.8,0.5125543369718134,0.5925543369718134
DON03448,camp_invitation,0.09100000000000003,0.72,0.44426764576799843,0.5352676457679985
DON03241,camp_invitation,0.09100000000000003,0.72,0.3481724163353392,0.4391724163353392
DON00561,phone_call,0.11199999999999999,0.8,0.5498429535390095,0.6618429535390095
DON02995,phone_call,0.07999999999999996,0.8,0.5102775495958574,0.5902775495958573
DON01815,camp_invitation,0.09099999999999997,0.72,0.4787970958204678,0.5697970958204678
DON00575,phone_call,0.07999999999999996,0.8,0.6006393228390517,0.6806393228390517
DON01770,phone_call,0.11200000000000004,0.8,0.41650494355646234,0.5285049435564624
DON00361,camp_invitation,0.09100000000000003,0.72,0.365844649691402,0.45684464969140204
DON00455,phone_call,0.07999999999999996,0.8,0.5849117965559274,0.6649117965559274
DON02732,camp_invitation,0.09100000000000003,0.72,0.340880365625102,0.431880365625102
DON02578,camp_invitation,0.09100000000000003,0.72,0.3917261298089863,0.4827261298089863
DON00392,phone_call,0.07999999999999996,0.8,0.5508424654516624,0.6308424654516623
DON00018,camp_invitation,0.09100000000000003,0.72,0.38982852352703007,0.4808285235270301
DON02145,camp_invitation,0.09100000000000003,0.72,0.40762925778263315,0.4986292577826332
DON01692,camp_invitation,0.09099999999999997,0.72,0.4334230739046082,0.5244230739046082
DON00752,camp_invitation,0.09100000000000003,0.72,0.41460174297603863,0.5056017429760387
DON01607,phone_call,0.11199999999999999,0.8,0.2968447134634088,0.4088447134634088
DON02828,camp_invitation,0.09099999999999997,0.72,0.5587566144552981,0.6497566144552981
DON02526,camp_invitation,0.09099999999999997,0.72,0.5988477339152466,0.6898477339152466
DON01659,camp_invitation,0.09100000000000003,0.72,0.38209610136839717,0.4730961013683972
DON03382,camp_invitation,0.09100000000000003,0.72,0.42406811668290095,0.515068116682901
DON00525,camp_invitation,0.09099999999999997,0.72,0.5138228426057756,0.6048228426057756
DON01309,camp_invitation,0.09099999999999997,0.72,0.43707943995857745,0.5280794399585774
DON03262,camp_invitation,0.09100000000000003,0.72,0.4345454749939583,0.5255454749939583
DON01382,phone_call,0.11199999999999999,0.8,0.32153491811239204,0.43353491811239203
DON01980,camp_invitation,0.09100000000000003,0.72,0.39449206740384596,0.485492067403846
DON00521,camp_invitation,0.09100000000000003,0.72,0.34634116989140207,0.4373411698914021
DON00112,camp_invitation,0.09100000000000003,0.72,0.397668459448038,0.48866845944803805
DON00327,phone_call,0.07999999999999996,0.8,0.5316445269960564,0.6116445269960563
DON02022,phone_call,0.07999999999999996,0.8,0.5412835437582503,0.6212835437582502
DON03078,camp_invitation,0.09100000000000003,0.72,0.38546835421812686,0.4764683542181269
DON02004,phone_call,0.07999999999999996,0.8,0.5555080834373486,0.6355080834373485
DON03426,phone_call,0.11200000000000004,0.8,0.4010595245535196,0.5130595245535197
DON01352,camp_invitation,0.09099999999999997,0.72,0.47315733939748095,0.5641573393974809
DON03325,camp_invitation,0.09100000000000003,0.72,0.3897912777776828,0.4807912777776828
DON01191,camp_invitation,0.09099999999999997,0.72,0.5292100618754718,0.6202100618754718
DON03046,camp_invitation,0.09099999999999997,0.72,0.4293236565354056,0.5203236565354056
DON00819,camp_invitation,0.09100000000000003,0.72,0.3501476515730783,0.44114765157307834
DON02704,camp_invitation,0.09100000000000003,0.72,0.3600109613019562,0.4510109613019562
DON01863,phone_call,0.11199999999999993,0.8,0.3894274774665462,0.5014274774665461
DON01757,camp_invitation,0.09100000000000003,0.72,0.34090307096396494,0.43190307096396496
DON01499,camp_invitation,0.09100000000000003,0.72,0.38610089150459004,0.47710089150459006
DON02014,phone_call,0.11199999999999999,0.8,0.4042101632394467,0.5162101632394467
DON02930,camp_invitation,0.09100000000000003,0.72,0.3784877746954487,0.4694877746954487
DON02931,camp_invitation,0.09099999999999997,0.72,0.4208574040873493,0.5118574040873493
DON00066,camp_invitation,0.09099999999999997,0.72,0.4912532505873006,0.5822532505873006
DON02423,camp_invitation,0.09100000000000003,0.72,0.40857975243048983,0.49957975243048985
DON00537,camp_invitation,0.09099999999999997,0.72,0.43555495477167605,0.526554954771676
DON00982,camp_invitation,0.09100000000000003,0.72,0.3932126165140124,0.48421261651401243
DON02895,camp_invitation,0.09100000000000003,0.72,0.33381653440305226,0.4248165344030523
DON02497,phone_call,0.11200000000000004,0.8,0.39132280271965386,0.5033228027196539
DON01578,phone_call,0.07999999999999996,0.8,0.5629945901572702,0.6429945901572701
DON02612,phone_call,0.07999999999999996,0.8,0.5630776843130599,0.6430776843130599
DON00275,camp_invitation,0.09099999999999997,0.72,0.5295376854009458,0.6205376854009458
DON01423,phone_call,0.07999999999999996,0.8,0.5183721420618903,0.5983721420618903
DON02822,camp_invitation,0.09099999999999997,0.72,0.5087800331852127,0.5997800331852127
DON02454,phone_call,0.07999999999999996,0.8,0.5359162884765786,0.6159162884765785
DON00513,camp_invitation,0.09100000000000003,0.72,0.374767101429757,0.465767101429757
DON00344,phone_call,0.11199999999999999,0.8,0.34181270833344607,0.45381270833344606
DON03247,camp_invitation,0.09100000000000003,0.72,0.4626296470385865,0.5536296470385865
DON00866,phone_call,0.07999999999999996,0.8,0.6092884271011149,0.6892884271011148
DON01453,camp_invitation,0.09100000000000003,0.72,0.33922808899026957,0.4302280889902696
DON02330,phone_call,0.11199999999999999,0.8,0.318914861713691,0.430914861713691
DON02520,phone_call,0.07999999999999996,0.8,0.5535357554879734,0.6335357554879734
DON02211,camp_invitation,0.09099999999999997,0.72,0.4968893950573632,0.5878893950573632
DON02255,camp_invitation,0.09099999999999997,0.72,0.4282120333355255,0.5192120333355255
DON02512,camp_invitation,0.09100000000000003,0.72,0.40581225505873314,0.49681225505873317
DON00556,phone_call,0.11199999999999999,0.8,0.31758318147826753,0.4295831814782675
DON01136,phone_call,0.07999999999999996,0.8,0.5345394487696674,0.6145394487696674
DON01338,phone_call,0.07999999999999996,0.8,0.5073432791932861,0.5873432791932861
DON02063,phone_call,0.07999999999999996,0.8,0.5224229437926501,0.60242294379265
DON01282,phone_call,0.07999999999999996,0.8,0.6118326248743744,0.6918326248743744
DON01769,phone_call,0.07999999999999996,0.8,0.541304003129672,0.6213040031296719
DON03177,camp_invitation,0.09100000000000003,0.72,0.46695930941604974,0.5579593094160498
DON01480,phone_call,0.07999999999999996,0.8,0.5830443139274823,0.6630443139274823
DON00052,phone_call,0.07999999999999996,0.8,0.5352430963786495,0.6152430963786495
DON02095,phone_call,0.07999999999999996,0.8,0.5694097352864115,0.6494097352864114
DON00687,phone_call,0.07999999999999996,0.8,0.5836996074271075,0.6636996074271074
DON01876,phone_call,0.07999999999999996,0.8,0.5835405973758223,0.6635405973758223
DON03356,camp_invitation,0.09099999999999997,0.72,0.5191868496822867,0.6101868496822866
DON01588,phone_call,0.11199999999999993,0.8,0.4800703712912359,0.5920703712912359
DON02439,phone_call,0.07999999999999996,0.8,0.5934121687425561,0.673412168742556
DON01948,phone_call,0.07999999999999996,0.8,0.564428386966599,0.644428386966599
DON01996,phone_call,0.07999999999999996,0.8,0.6095663678295297,0.6895663678295296
DON02633,phone_call,0.07999999999999996,0.8,0.5898256577184583,0.6698256577184583
DON01514,phone_call,0.07999999999999996,0.8,0.5753867400750413,0.6553867400750413
DON00915,phone_call,0.07999999999999996,0.8,0.567172123514522,0.6471721235145219
DON03428,camp_invitation,0.09099999999999997,0.72,0.5720517353006922,0.6630517353006922
DON00420,phone_call,0.07999999999999996,0.8,0.5432873746258672,0.6232873746258671
DON01794,phone_call,0.07999999999999996,0.8,0.5818146521866805,0.6618146521866805
DON01406,phone_call,0.07999999999999996,0.8,0.6076170566077825,0.6876170566077825
DON01141,phone_call,0.07999999999999996,0.8,0.5802689425539016,0.6602689425539016
DON01807,phone_call,0.07999999999999996,0.8,0.6406100236658481,0.720610023665848
DON00685,phone_call,0.07999999999999996,0.8,0.5589739430491367,0.6389739430491367
DON01004,phone_call,0.11199999999999999,0.8,0.5140468880695255,0.6260468880695255
DON00533,phone_call,0.07999999999999996,0.8,0.6085855277711665,0.6885855277711664
DON03105,phone_call,0.11199999999999999,0.8,0.35236061643377437,0.46436061643377435
DON01156,phone_call,0.11199999999999999,0.8,0.32815250357130127,0.44015250357130126
DON00216,camp_invitation,0.09099999999999997,0.72,0.5071466958542965,0.5981466958542965
DON00098,camp_invitation,0.09099999999999997,0.72,0.5555426734900109,0.6465426734900108
DON02815,camp_invitation,0.09099999999999997,0.72,0.5112039424297395,0.6022039424297395
DON01465,camp_invitation,0.09100000000000003,0.72,0.3783590371944275,0.4693590371944275
DON02170,phone_call,0.07999999999999996,0.8,0.5760549815088716,0.6560549815088715
DON01947,phone_call,0.07999999999999996,0.8,0.6484371818060979,0.7284371818060978
DON01813,camp_invitation,0.09100000000000003,0.72,0.41389287674613523,0.5048928767461353
DON02097,phone_call,0.11200000000000004,0.8,0.42331596859930115,0.5353159685993012
DON00709,camp_invitation,0.09100000000000003,0.72,0.4309082469445901,0.5219082469445901
DON00539,camp_invitation,0.09100000000000003,0.72,0.39998540708538305,0.4909854070853831
DON03229,camp_invitation,0.09100000000000003,0.72,0.4473964440309946,0.5383964440309946
DON00847,phone_call,0.11200000000000004,0.8,0.4199039176516875,0.5319039176516875
DON02557,phone_call,0.11199999999999999,0.8,0.3288073037164685,0.4408073037164685
DON03226,phone_call,0.07999999999999996,0.8,0.5553015390812344,0.6353015390812343
DON00398,phone_call,0.07999999999999996,0.8,0.5865335391399173,0.6665335391399173
DON02934,camp_invitation,0.09099999999999997,0.72,0.5606889631583769,0.6516889631583769
DON00506,phone_call,0.11199999999999999,0.8,0.4018493175362786,0.5138493175362786
DON03045,camp_invitation,0.09100000000000003,0.72,0.444415448332339,0.535415448332339
DON01138,phone_call,0.11199999999999999,0.8,0.32803760463012055,0.44003760463012054
DON03167,camp_invitation,0.09100000000000003,0.72,0.4865864611279905,0.5775864611279905
DON02801,phone_call,0.11199999999999993,0.8,0.45510775509657114,0.5671077550965711
DON01566,camp_invitation,0.09099999999999997,0.72,0.4973139220034558,0.5883139220034558
DON02697,camp_invitation,0.09100000000000003,0.72,0.4551597313256733,0.5461597313256733
DON01598,phone_call,0.07999999999999996,0.8,0.6493071353854458,0.7293071353854458
DON02737,camp_invitation,0.09099999999999997,0.72,0.4180939461697911,0.5090939461697911
DON02329,phone_call,0.07999999999999996,0.8,0.6611243614970008,0.7411243614970008
DON00283,camp_invitation,0.09099999999999997,0.72,0.44587376515158905,0.536873765151589
DON03402,camp_invitation,0.09100000000000003,0.72,0.4198881768525124,0.5108881768525124
DON00745,phone_call,0.07999999999999996,0.8,0.5721917800044012,0.6521917800044011
DON01209,phone_call,0.07999999999999996,0.8,0.5623832215666806,0.6423832215666806
DON02869,phone_call,0.11199999999999999,0.8,0.5914416338350235,0.7034416338350234
DON00179,phone_call,0.07999999999999996,0.8,0.6357229900999833,0.7157229900999833
DON00823,phone_call,0.07999999999999996,0.8,0.5570417517722809,0.6370417517722808
DON01241,phone_call,0.07999999999999996,0.8,0.5435708910786999,0.6235708910786999
DON00829,phone_call,0.07999999999999996,0.8,0.6314818847183684,0.7114818847183684
DON02368,camp_invitation,0.09100000000000003,0.72,0.3871725321698173,0.4781725321698173
DON01101,camp_invitation,0.09099999999999997,0.72,0.45735977927870397,0.5483597792787039
DON03232,phone_call,0.07999999999999996,0.8,0.5389576645342808,0.6189576645342808
DON02935,camp_invitation,0.09099999999999997,0.72,0.5599179066405694,0.6509179066405694
DON01969,camp_invitation,0.09100000000000003,0.72,0.44473149421002206,0.5357314942100221
DON00553,camp_invitation,0.09100000000000003,0.72,0.4875027108902225,0.5785027108902225
DON02994,camp_invitation,0.09099999999999997,0.72,0.4276613863437393,0.5186613863437393
DON03087,phone_call,0.07999999999999996,0.8,0.6015861732868277,0.6815861732868277
DON02747,phone_call,0.07999999999999996,0.8,0.5349319290982143,0.6149319290982143
DON01214,phone_call,0.07999999999999996,0.8,0.622741151085184,0.702741151085184
DON02262,camp_invitation,0.09099999999999997,0.72,0.4372359063311294,0.5282359063311294
DON00280,phone_call,0.07999999999999996,0.8,0.5268454065534054,0.6068454065534054
DON02476,phone_call,0.07999999999999996,0.8,0.6168313648022705,0.6968313648022705
DON01238,camp_invitation,0.09100000000000003,0.72,0.4277582488993957,0.5187582488993957
DON03201,camp_invitation,0.09100000000000003,0.72,0.4170244561795809,0.5080244561795809
DON00711,camp_invitation,0.09100000000000003,0.72,0.4524042148631196,0.5434042148631196
DON01374,camp_invitation,0.09100000000000003,0.72,0.4260536587052865,0.5170536587052865
DON00549,camp_invitation,0.09099999999999997,0.72,0.5384565443374107,0.6294565443374107
DON03116,camp_invitation,0.09099999999999997,0.72,0.508847614739013,0.5998476147390129
DON03254,phone_call,0.07999999999999996,0.8,0.6466959430385713,0.7266959430385712
DON03366,phone_call,0.07999999999999996,0.8,0.4904397488856169,0.5704397488856169
DON00205,phone_call,0.07999999999999996,0.8,0.5258408432439465,0.6058408432439465
DON03043,phone_call,0.07999999999999996,0.8,0.6314063785159386,0.7114063785159386
DON00130,phone_call,0.07999999999999996,0.8,0.6268875664605441,0.7068875664605441
DON03292,phone_call,0.07999999999999996,0.8,0.567510359303758,0.647510359303758
DON03430,phone_call,0.07999999999999996,0.8,0.6473913497381328,0.7273913497381328
DON03211,phone_call,0.07999999999999996,0.8,0.5480054055261648,0.6280054055261648
DON01900,phone_call,0.07999999999999996,0.8,0.5415845753475216,0.6215845753475215
DON02181,phone_call,0.07999999999999996,0.8,0.606402238485402,0.6864022384854019
DON03080,phone_call,0.07999999999999996,0.8,0.5800247260542615,0.6600247260542614
DON01431,phone_call,0.11199999999999993,0.8,0.4562881521279802,0.5682881521279801
DON01540,camp_invitation,0.09099999999999997,0.72,0.5268009109055637,0.6178009109055637
DON03345,camp_invitation,0.09099999999999997,0.72,0.4842341758245635,0.5752341758245635
DON02016,phone_call,0.11199999999999999,0.8,0.37552126571234046,0.48752126571234045
DON00100,camp_invitation,0.09100000000000003,0.72,0.4016106547013059,0.49261065470130594
DON01875,camp_invitation,0.09099999999999997,0.72,0.4955992820577553,0.5865992820577552
DON02064,camp_invitation,0.09099999999999997,0.72,0.5488775088684252,0.6398775088684252
DON01204,camp_invitation,0.09099999999999997,0.72,0.4305139788384921,0.521513978838492
DON00494,camp_invitation,0.09099999999999997,0.72,0.5013693623156179,0.5923693623156179
DON00876,camp_invitation,0.09099999999999997,0.72,0.423769143240171,0.514769143240171
DON03245,camp_invitation,0.09100000000000003,0.72,0.43847396833752345,0.5294739683375235
DON00428,phone_call,0.11200000000000004,0.8,0.4377922389600329,0.5497922389600329
DON01859,camp_invitation,0.09100000000000003,0.72,0.4081408731995368,0.4991408731995368
DON03449,camp_invitation,0.09100000000000003,0.72,0.4091575608312456,0.5001575608312456
DON02837,camp_invitation,0.09100000000000003,0.72,0.43007195578408836,0.5210719557840884
DON02135,camp_invitation,0.09100000000000003,0.72,0.4081435197055347,0.4991435197055347
DON00989,camp_invitation,0.09100000000000003,0.72,0.4979649681315608,0.5889649681315609
DON01844,camp_invitation,0.09100000000000003,0.72,0.4164445896714278,0.5074445896714278
DON03206,phone_call,0.11199999999999999,0.8,0.3589260008508631,0.4709260008508631
DON02144,phone_call,0.11199999999999993,0.8,0.43976011696361644,0.5517601169636164
DON00548,camp_invitation,0.09100000000000003,0.72,0.4440066589401482,0.5350066589401482
DON00951,phone_call,0.07999999999999996,0.8,0.5577511087215141,0.6377511087215141
DON00302,phone_call,0.07999999999999996,0.8,0.6488124875439787,0.7288124875439786
DON00244,phone_call,0.07999999999999996,0.8,0.6302772024355875,0.7102772024355875
DON00497,phone_call,0.07999999999999996,0.8,0.5443106891639107,0.6243106891639106
DON02469,camp_invitation,0.09099999999999997,0.72,0.5210837936882701,0.61208379368827
DON03381,phone_call,0.07999999999999996,0.8,0.5096174428063237,0.5896174428063237
DON02654,phone_call,0.07999999999999996,0.8,0.5423768993538205,0.6223768993538205
DON02608,phone_call,0.07999999999999996,0.8,0.48942491529046717,0.5694249152904671
DON01705,phone_call,0.07999999999999996,0.8,0.6241231006673579,0.7041231006673578
DON03115,phone_call,0.11199999999999999,0.8,0.5369052857956123,0.6489052857956122
DON02431,phone_call,0.07999999999999996,0.8,0.5934826871969205,0.6734826871969205
DON01502,camp_invitation,0.09099999999999997,0.72,0.53517022688085,0.62617022688085
DON02950,phone_call,0.07999999999999996,0.8,0.6026166751451554,0.6826166751451553
DON01208,camp_invitation,0.09099999999999997,0.72,0.5479728802063584,0.6389728802063583
DON01635,camp_invitation,0.09100000000000003,0.72,0.34741259603146146,0.4384125960314615
DON00483,camp_invitation,0.09100000000000003,0.72,0.37047704063904935,0.4614770406390494
DON01059,camp_invitation,0.09100000000000003,0.72,0.34896398060557615,0.4399639806055762
DON03492,camp_invitation,0.09100000000000003,0.72,0.3643013462522512,0.4553013462522512
DON00438,camp_invitation,0.09099999999999997,0.72,0.5424814366408904,0.6334814366408904
DON02179,camp_invitation,0.09100000000000003,0.72,0.43322751942000665,0.5242275194200067
DON00035,phone_call,0.11199999999999999,0.8,0.41614940817022117,0.5281494081702212
DON03387,phone_call,0.07999999999999996,0.8,0.5940976902272289,0.6740976902272289
DON02449,camp_invitation,0.09100000000000003,0.72,0.4111862211734029,0.502186221173403
DON00407,camp_invitation,0.09099999999999997,0.72,0.4218932873856681,0.5128932873856681
DON02937,camp_invitation,0.09100000000000003,0.72,0.48859505759425687,0.5795950575942569
DON02248,camp_invitation,0.09100000000000003,0.72,0.3716861775014834,0.46268617750148344
DON02230,camp_invitation,0.09100000000000003,0.72,0.40381930357992896,0.494819303579929
DON01486,camp_invitation,0.09099999999999997,0.72,0.4167840131498618,0.5077840131498618
DON01478,camp_invitation,0.09100000000000003,0.72,0.4355024112508225,0.5265024112508225
DON03348,camp_invitation,0.09100000000000003,0.72,0.3682087018005404,0.4592087018005404
DON01532,camp_invitation,0.09099999999999997,0.72,0.4370976463134171,0.528097646313417
DON00339,camp_invitation,0.09100000000000003,0.72,0.371220853626925,0.462220853626925
DON02071,camp_invitation,0.09099999999999997,0.72,0.4506917838107043,0.5416917838107043
DON01085,phone_call,0.07999999999999996,0.8,0.5706861523328493,0.6506861523328492
DON03376,camp_invitation,0.09100000000000003,0.72,0.4076142216501042,0.4986142216501042
DON03130,camp_invitation,0.09099999999999997,0.72,0.4367928256432071,0.5277928256432071
DON02220,phone_call,0.11199999999999999,0.8,0.5647115061812443,0.6767115061812443
DON01457,phone_call,0.07999999999999996,0.8,0.5869963360092362,0.6669963360092361
DON00741,phone_call,0.11200000000000004,0.8,0.4818387255194381,0.5938387255194382
DON01933,phone_call,0.07999999999999996,0.8,0.5800627493273156,0.6600627493273156
DON00041,camp_invitation,0.09100000000000003,0.72,0.36540134610783903,0.45640134610783906
DON01039,phone_call,0.07999999999999996,0.8,0.5308586232212221,0.6108586232212221
DON02352,camp_invitation,0.09099999999999997,0.72,0.5202225357247766,0.6112225357247766
DON02692,camp_invitation,0.09099999999999997,0.72,0.4360289204382466,0.5270289204382466
DON02643,phone_call,0.11199999999999999,0.8,0.3146799177436921,0.42667991774369207
DON02367,camp_invitation,0.09100000000000003,0.72,0.38894376383197227,0.4799437638319723
DON01032,camp_invitation,0.09100000000000003,0.72,0.32630526821167194,0.41730526821167196
DON02024,phone_call,0.07999999999999996,0.8,0.6563292149748208,0.7363292149748207
DON02025,camp_invitation,0.09099999999999997,0.72,0.5276559096474839,0.6186559096474838
DON00126,phone_call,0.08000000000000002,0.8,0.4581671757620461,0.5381671757620461
DON01337,phone_call,0.11199999999999999,0.8,0.4307592554633768,0.5427592554633768
DON03215,phone_call,0.07999999999999996,0.8,0.5237889237892602,0.6037889237892602
DON02892,phone_call,0.11199999999999993,0.8,0.395791902417492,0.507791902417492
DON02870,phone_call,0.07999999999999996,0.8,0.6555598578092439,0.7355598578092438
DON01965,camp_invitation,0.09100000000000003,0.72,0.42665117552780024,0.5176511755278003
DON01733,phone_call,0.07999999999999996,0.8,0.6110840496028781,0.6910840496028781
DON00081,phone_call,0.07999999999999996,0.8,0.5930422184254286,0.6730422184254286
DON00314,camp_invitation,0.09099999999999997,0.72,0.4565381964989913,0.5475381964989913
DON01728,phone_call,0.07999999999999996,0.8,0.5766112478702561,0.656611247870256
DON02861,phone_call,0.07999999999999996,0.8,0.6251458395816757,0.7051458395816756
DON00305,camp_invitation,0.09099999999999997,0.72,0.6012504902514637,0.6922504902514637
DON01811,phone_call,0.07999999999999996,0.8,0.561306248965054,0.641306248965054
DON03034,phone_call,0.07999999999999996,0.8,0.668777422660603,0.748777422660603
DON01971,phone_call,0.07999999999999996,0.8,0.5545073885681779,0.6345073885681779
DON02260,camp_invitation,0.09099999999999997,0.72,0.4790134822045323,0.5700134822045323
DON02912,phone_call,0.07999999999999996,0.8,0.52174502663674,0.60174502663674
DON02514,camp_invitation,0.09100000000000003,0.72,0.45746872182525194,0.548468721825252
DON03185,phone_call,0.07999999999999996,0.8,0.5490005672110094,0.6290005672110094
DON03246,phone_call,0.07999999999999996,0.8,0.571798978284972,0.6517989782849719
DON00813,phone_call,0.07999999999999996,0.8,0.6257960763081872,0.7057960763081872
DON00390,phone_call,0.07999999999999996,0.8,0.6446849584384622,0.7246849584384621
DON03049,phone_call,0.07999999999999996,0.8,0.5799912696589643,0.6599912696589643
DON00057,phone_call,0.07999999999999996,0.8,0.5920479536833081,0.672047953683308
DON03024,phone_call,0.07999999999999996,0.8,0.6057984178851973,0.6857984178851972
DON00077,phone_call,0.07999999999999996,0.8,0.5743552430944416,0.6543552430944416
DON02915,phone_call,0.07999999999999996,0.8,0.5748545065606161,0.6548545065606161
DON00184,phone_call,0.07999999999999996,0.8,0.5825167353442542,0.6625167353442541
DON03228,phone_call,0.07999999999999996,0.8,0.6639063998387212,0.7439063998387212
DON00760,phone_call,0.07999999999999996,0.8,0.6021652127487654,0.6821652127487654
DON01116,phone_call,0.07999999999999996,0.8,0.5995360764203985,0.6795360764203985
DON02709,phone_call,0.07999999999999996,0.8,0.6094070507239819,0.6894070507239819
DON02420,phone_call,0.07999999999999996,0.8,0.6142256149764982,0.6942256149764982
DON02658,phone_call,0.07999999999999996,0.8,0.6275733283452672,0.7075733283452672
DON00391,phone_call,0.07999999999999996,0.8,0.613988741171575,0.6939887411715749
DON01638,phone_call,0.07999999999999996,0.8,0.6163847546131633,0.6963847546131633
DON00101,camp_invitation,0.09099999999999997,0.72,0.43234446564951023,0.5233444656495102
DON01603,camp_invitation,0.09100000000000003,0.72,0.36372836719228185,0.4547283671922819
DON00293,camp_invitation,0.09100000000000003,0.72,0.3885139273077417,0.4795139273077417
DON01941,phone_call,0.07999999999999996,0.8,0.6054716666307185,0.6854716666307185
DON01873,phone_call,0.07999999999999996,0.8,0.5999926768008343,0.6799926768008343
DON03145,phone_call,0.07999999999999996,0.8,0.5243378960121206,0.6043378960121205
DON01092,phone_call,0.11199999999999999,0.8,0.31709202600357483,0.4290920260035748
DON01843,phone_call,0.07999999999999996,0.8,0.5775984610637394,0.6575984610637393
DON00704,phone_call,0.11199999999999999,0.8,0.3872107434525278,0.4992107434525278
DON00935,camp_invitation,0.09099999999999997,0.72,0.4566780359902458,0.5476780359902458
DON00054,camp_invitation,0.09099999999999997,0.72,0.447976987090293,0.538976987090293
DON02566,camp_invitation,0.09100000000000003,0.72,0.4166791236503558,0.5076791236503558
DON01186,camp_invitation,0.09099999999999997,0.72,0.5121016814120761,0.6031016814120761
DON03172,phone_call,0.07999999999999996,0.8,0.5609729075120524,0.6409729075120524
DON02465,phone_call,0.07999999999999996,0.8,0.5578362391341851,0.6378362391341851
DON02283,phone_call,0.07999999999999996,0.8,0.5771784966214974,0.6571784966214974
DON01660,phone_call,0.08000000000000002,0.8,0.4718082947895344,0.5518082947895344
DON01252,phone_call,0.07999999999999996,0.8,0.6111055212603014,0.6911055212603013
DON02093,camp_invitation,0.09099999999999997,0.72,0.5066954111128354,0.5976954111128354
DON01749,camp_invitation,0.09099999999999997,0.72,0.4271774946848941,0.518177494684894
DON03084,camp_invitation,0.09100000000000003,0.72,0.3823517906631419,0.4733517906631419
DON01979,camp_invitation,0.09099999999999997,0.72,0.43235319726091104,0.523353197260911
DON02502,phone_call,0.07999999999999996,0.8,0.5537609951178736,0.6337609951178735
DON01694,phone_call,0.07999999999999996,0.8,0.6159112736294458,0.6959112736294457
DON00684,phone_call,0.07999999999999996,0.8,0.59427995099657,0.67427995099657
DON01879,phone_call,0.07999999999999996,0.8,0.5729112380264371,0.652911238026437
DON00573,phone_call,0.07999999999999996,0.8,0.5733145575939637,0.6533145575939636
DON02499,phone_call,0.07999999999999996,0.8,0.5901649343194241,0.670164934319424
DON01143,phone_call,0.07999999999999996,0.8,0.6211681745342035,0.7011681745342034
DON01623,phone_call,0.07999999999999996,0.8,0.6216146507956715,0.7016146507956714
DON00495,phone_call,0.07999999999999996,0.8,0.5788110687852847,0.6588110687852846
DON00145,phone_call,0.07999999999999996,0.8,0.593925949833802,0.6739259498338019
DON03308,phone_call,0.07999999999999996,0.8,0.5563516214557424,0.6363516214557423
DON01753,camp_invitation,0.09099999999999997,0.72,0.4294989205793137,0.5204989205793137
DON02468,camp_invitation,0.09100000000000003,0.72,0.4278089194576962,0.5188089194576962
DON00535,camp_invitation,0.09100000000000003,0.72,0.47580266965915824,0.5668026696591583
DON02718,phone_call,0.07999999999999996,0.8,0.5944490591782554,0.6744490591782554
DON01988,camp_invitation,0.09100000000000003,0.72,0.3575491820210552,0.4485491820210552
DON00422,camp_invitation,0.09099999999999997,0.72,0.4206833645631426,0.5116833645631426
DON03193,camp_invitation,0.09100000000000003,0.72,0.38093821844450054,0.47193821844450057
DON02426,camp_invitation,0.09099999999999997,0.72,0.42247186164199324,0.5134718616419932
DON02564,phone_call,0.11199999999999999,0.8,0.39680025839930677,0.5088002583993068
DON01110,phone_call,0.07999999999999996,0.8,0.5482399645372883,0.6282399645372883
DON01428,camp_invitation,0.09099999999999997,0.72,0.5600444704419478,0.6510444704419478
DON01461,camp_invitation,0.09099999999999997,0.72,0.5114365833236114,0.6024365833236114
DON01145,camp_invitation,0.09099999999999997,0.72,0.41408428154028376,0.5050842815402837
DON00516,phone_call,0.07999999999999996,0.8,0.5677748391544426,0.6477748391544426
DON02858,camp_invitation,0.09100000000000003,0.72,0.34566238301022156,0.4366623830102216
DON00865,phone_call,0.07999999999999996,0.8,0.6085634172957911,0.6885634172957911
DON02644,camp_invitation,0.09100000000000003,0.72,0.42409578283889143,0.5150957828388915
DON01636,camp_invitation,0.09099999999999997,0.72,0.4276909575958646,0.5186909575958646
DON00118,camp_invitation,0.09099999999999997,0.72,0.5274694694615804,0.6184694694615803
DON00487,phone_call,0.07999999999999996,0.8,0.5272561244812344,0.6072561244812343
DON03307,camp_invitation,0.09100000000000003,0.72,0.3570156550219938,0.4480156550219938
DON02674,camp_invitation,0.09100000000000003,0.72,0.3418243658646272,0.43282436586462725
DON00732,phone_call,0.07999999999999996,0.8,0.5609870776312963,0.6409870776312963
DON01455,camp_invitation,0.09099999999999997,0.72,0.4372088031891823,0.5282088031891823
DON02491,phone_call,0.11199999999999999,0.8,0.3761436290099253,0.4881436290099253
DON00203,camp_invitation,0.09099999999999997,0.72,0.4617237440219354,0.5527237440219354
DON00426,phone_call,0.07999999999999996,0.8,0.5901129505094262,0.6701129505094262
DON02767,phone_call,0.07999999999999996,0.8,0.6042484252865963,0.6842484252865962
DON00832,phone_call,0.07999999999999996,0.8,0.5814259070970449,0.6614259070970449
DON00908,camp_invitation,0.09099999999999997,0.72,0.508782351533747,0.5997823515337469
DON02390,phone_call,0.07999999999999996,0.8,0.5607677582618646,0.6407677582618646
DON02628,phone_call,0.07999999999999996,0.8,0.594294885497645,0.6742948854976449
DON01671,phone_call,0.07999999999999996,0.8,0.6300727989682962,0.7100727989682961
DON02003,phone_call,0.07999999999999996,0.8,0.6239895422496589,0.7039895422496588
DON01299,phone_call,0.07999999999999996,0.8,0.5647494692943732,0.6447494692943732
DON00250,camp_invitation,0.09100000000000003,0.72,0.4259029612145106,0.5169029612145106
DON01848,phone_call,0.11199999999999999,0.8,0.42169151357084333,0.5336915135708433
DON01681,phone_call,0.11199999999999999,0.8,0.4997848191249641,0.6117848191249641
DON02681,camp_invitation,0.09100000000000003,0.72,0.3550555123262784,0.44605551232627844
DON02126,phone_call,0.07999999999999996,0.8,0.5829244604782599,0.6629244604782598
DON00710,phone_call,0.11199999999999999,0.8,0.40426714424009935,0.5162671442400993
DON02267,camp_invitation,0.09100000000000003,0.72,0.4467130764382607,0.5377130764382607
DON01663,camp_invitation,0.09099999999999997,0.72,0.4350891403225413,0.5260891403225413
DON02599,camp_invitation,0.09099999999999997,0.72,0.44877900014896777,0.5397790001489677
DON01883,camp_invitation,0.09099999999999997,0.72,0.4401014158911871,0.5311014158911871
DON03340,camp_invitation,0.09100000000000003,0.72,0.46603792507466973,0.5570379250746698
DON03061,camp_invitation,0.09099999999999997,0.72,0.504829412171737,0.595829412171737
DON03393,phone_call,0.11199999999999999,0.8,0.37695445350398776,0.48895445350398775
DON02650,camp_invitation,0.09099999999999997,0.72,0.5445880774428506,0.6355880774428506
DON02548,camp_invitation,0.09099999999999997,0.72,0.5648212663847543,0.6558212663847542
DON01981,camp_invitation,0.09099999999999997,0.72,0.4898132990993107,0.5808132990993107
DON00069,phone_call,0.07999999999999996,0.8,0.5683049003949886,0.6483049003949886
DON01725,phone_call,0.07999999999999996,0.8,0.575629272605515,0.655629272605515
DON02853,camp_invitation,0.09100000000000003,0.72,0.3165933846786194,0.40759338467861944
DON03220,camp_invitation,0.09100000000000003,0.72,0.35675736897921634,0.44775736897921636
DON00025,phone_call,0.11199999999999993,0.8,0.4395851260658045,0.5515851260658045
DON02403,phone_call,0.11199999999999999,0.8,0.3641175063310231,0.47611750633102307
DON02723,phone_call,0.07999999999999996,0.8,0.5975769565014974,0.6775769565014974
DON00505,camp_invitation,0.09099999999999997,0.72,0.4170968552831895,0.5080968552831895
DON00568,phone_call,0.07999999999999996,0.8,0.565476019460759,0.6454760194607589
DON00708,phone_call,0.07999999999999996,0.8,0.5944966296642449,0.6744966296642448
DON00079,camp_invitation,0.09099999999999997,0.72,0.415547854406076,0.506547854406076
DON01786,phone_call,0.11199999999999999,0.8,0.3630105218165403,0.4750105218165403
DON01449,phone_call,0.11199999999999999,0.8,0.3925045579678551,0.5045045579678551
DON03423,phone_call,0.07999999999999996,0.8,0.5063544134122826,0.5863544134122826
DON02607,camp_invitation,0.09099999999999997,0.72,0.4584480479119514,0.5494480479119513
DON00168,camp_invitation,0.09100000000000003,0.72,0.3907352697822518,0.48173526978225184
DON00210,camp_invitation,0.09099999999999997,0.72,0.4612620058973873,0.5522620058973873
DON03320,camp_invitation,0.09100000000000003,0.72,0.43039882578045635,0.5213988257804564
DON00532,phone_call,0.07999999999999996,0.8,0.5895068037472758,0.6695068037472758
DON01126,camp_invitation,0.09100000000000003,0.72,0.40208052507808084,0.49308052507808087
DON00132,camp_invitation,0.09099999999999997,0.72,0.45233524538248215,0.5433352453824821
DON02682,camp_invitation,0.09099999999999997,0.72,0.4227436515878824,0.5137436515878824
DON02285,camp_invitation,0.09100000000000003,0.72,0.3380776020205579,0.42907760202055795
DON01798,camp_invitation,0.09099999999999997,0.72,0.5150919027277867,0.6060919027277867
DON00240,camp_invitation,0.09100000000000003,0.72,0.37335587247327745,0.4643558724732775
DON01651,camp_invitation,0.09100000000000003,0.72,0.4100799727588628,0.5010799727588628
DON02123,camp_invitation,0.09100000000000003,0.72,0.4000455621884819,0.49104556218848194
DON02509,camp_invitation,0.09100000000000003,0.72,0.4617713857897237,0.5527713857897237
DON02593,camp_invitation,0.09099999999999997,0.72,0.6313480778961819,0.7223480778961818
DON03240,camp_invitation,0.09100000000000003,0.72,0.3484715884096659,0.43947158840966594
DON00369,phone_call,0.07999999999999996,0.8,0.567947228279747,0.6479472282797469
DON02728,camp_invitation,0.09099999999999997,0.72,0.5700115672730669,0.6610115672730669
DON02388,camp_invitation,0.09099999999999997,0.72,0.4520353433558171,0.543035343355817
DON00816,camp_invitation,0.09100000000000003,0.72,0.39653505665324007,0.4875350566532401
DON00429,camp_invitation,0.09100000000000003,0.72,0.47892615746292705,0.5699261574629271
DON01469,phone_call,0.11199999999999999,0.8,0.35742366261762537,0.46942366261762536
DON03209,camp_invitation,0.09100000000000003,0.72,0.404191585964475,0.49519158596447505
DON03038,camp_invitation,0.09099999999999997,0.72,0.5286645176568966,0.6196645176568966
DON02137,camp_invitation,0.09099999999999997,0.72,0.45951729406008257,0.5505172940600825
DON01285,camp_invitation,0.09100000000000003,0.72,0.4580088241152747,0.5490088241152747
DON00213,camp_invitation,0.09100000000000003,0.72,0.42561314219295227,0.5166131421929523
DON00416,camp_invitation,0.09099999999999997,0.72,0.5452992742643055,0.6362992742643054
DON01986,phone_call,0.07999999999999996,0.8,0.592735434679748,0.672735434679748
DON01248,camp_invitation,0.09099999999999997,0.72,0.5379288309131908,0.6289288309131907
DON03092,phone_call,0.07999999999999996,0.8,0.6107932383120757,0.6907932383120756
DON00758,phone_call,0.07999999999999996,0.8,0.5068349625035731,0.586834962503573
DON03271,phone_call,0.07999999999999996,0.8,0.6028324009611749,0.6828324009611748
DON03117,phone_call,0.07999999999999996,0.8,0.6187425719259033,0.6987425719259033
DON01115,phone_call,0.07999999999999996,0.8,0.5631555288952462,0.6431555288952462
DON02406,phone_call,0.07999999999999996,0.8,0.6244687142049103,0.7044687142049103
DON02042,phone_call,0.07999999999999996,0.8,0.5710615159668654,0.6510615159668653
DON00517,camp_invitation,0.09099999999999997,0.72,0.5727672654521365,0.6637672654521365
DON01351,phone_call,0.07999999999999996,0.8,0.5598266515009963,0.6398266515009963
DON00730,phone_call,0.07999999999999996,0.8,0.5511810784006328,0.6311810784006328
DON01631,camp_invitation,0.09099999999999997,0.72,0.5380698671584612,0.6290698671584611
DON00165,phone_call,0.07999999999999996,0.8,0.5678201691842648,0.6478201691842648
DON02932,phone_call,0.07999999999999996,0.8,0.631102568863465,0.711102568863465
DON03374,phone_call,0.07999999999999996,0.8,0.6243176641290852,0.7043176641290851
DON01287,phone_call,0.07999999999999996,0.8,0.6077195774602987,0.6877195774602987
DON02764,phone_call,0.07999999999999996,0.8,0.5619828743581423,0.6419828743581423
DON02914,phone_call,0.07999999999999996,0.8,0.5716493822218162,0.6516493822218161
DON02544,phone_call,0.07999999999999996,0.8,0.595489290233573,0.675489290233573
DON03056,phone_call,0.07999999999999996,0.8,0.6081199776190036,0.6881199776190036
DON02321,phone_call,0.07999999999999996,0.8,0.6181075536733952,0.6981075536733952
DON01830,phone_call,0.07999999999999996,0.8,0.5605390980247307,0.6405390980247306
DON02727,phone_call,0.07999999999999996,0.8,0.6021200503483987,0.6821200503483986
DON01179,phone_call,0.07999999999999996,0.8,0.5471013447703444,0.6271013447703444
DON02430,phone_call,0.07999999999999996,0.8,0.5982166795931598,0.6782166795931598
DON00669,phone_call,0.07999999999999996,0.8,0.5712089188806673,0.6512089188806672
DON02945,phone_call,0.07999999999999996,0.8,0.5501254804013196,0.6301254804013195
DON01434,phone_call,0.07999999999999996,0.8,0.616625354114059,0.696625354114059
DON01574,phone_call,0.07999999999999996,0.8,0.5092956841930627,0.5892956841930627
DON02816,phone_call,0.07999999999999996,0.8,0.6309574061547728,0.7109574061547728
DON03329,phone_call,0.07999999999999996,0.8,0.5128349052145269,0.5928349052145269
DON00159,phone_call,0.07999999999999996,0.8,0.5453552233725668,0.6253552233725668
DON03165,phone_call,0.07999999999999996,0.8,0.6292924733652152,0.7092924733652152
DON00755,phone_call,0.07999999999999996,0.8,0.5757409866407186,0.6557409866407186
DON02147,phone_call,0.07999999999999996,0.8,0.5795263233215441,0.659526323321544
DON01262,camp_invitation,0.09100000000000003,0.72,0.498836526932581,0.589836526932581
DON00312,phone_call,0.07999999999999996,0.8,0.5973839928941814,0.6773839928941814
DON01327,camp_invitation,0.09100000000000003,0.72,0.47438892378934444,0.5653889237893445
DON02174,camp_invitation,0.09099999999999997,0.72,0.5175952067197568,0.6085952067197568
DON00529,phone_call,0.11199999999999999,0.8,0.37460914438161036,0.48660914438161035
DON01527,camp_invitation,0.09100000000000003,0.72,0.39883618013798444,0.48983618013798447
DON02951,phone_call,0.11199999999999999,0.8,0.3582157826796385,0.4702157826796385
DON01885,camp_invitation,0.09099999999999997,0.72,0.6074708951145775,0.6984708951145775
DON01919,camp_invitation,0.09099999999999997,0.72,0.5244322588605845,0.6154322588605845
DON00091,camp_invitation,0.09100000000000003,0.72,0.3287704616613283,0.4197704616613283
DON02466,phone_call,0.11199999999999999,0.8,0.41928597899228837,0.5312859789922884
DON02703,camp_invitation,0.09100000000000003,0.72,0.31475335846311986,0.4057533584631199
DON02249,phone_call,0.11199999999999999,0.8,0.43511120245206114,0.5471112024520611
DON03212,camp_invitation,0.09100000000000003,0.72,0.48569806526155873,0.5766980652615588
DON02992,phone_call,0.07999999999999996,0.8,0.5441280668080298,0.6241280668080298
DON02748,camp_invitation,0.09099999999999997,0.72,0.4812094239785605,0.5722094239785604
DON00161,phone_call,0.11199999999999999,0.8,0.4074169401261055,0.5194169401261055
DON03388,phone_call,0.11199999999999999,0.8,0.5340431434530489,0.6460431434530489
DON01511,phone_call,0.07999999999999996,0.8,0.5726003446469532,0.6526003446469532
DON00622,camp_invitation,0.09100000000000003,0.72,0.48651446036457585,0.5775144603645759
DON01783,camp_invitation,0.09099999999999997,0.72,0.5425643510465733,0.6335643510465733
DON03017,phone_call,0.07999999999999996,0.8,0.5584344655654451,0.638434465565445
DON02807,phone_call,0.07999999999999996,0.8,0.6021484972181802,0.6821484972181802
DON02162,camp_invitation,0.09099999999999997,0.72,0.41809095891983616,0.5090909589198361
DON00389,camp_invitation,0.09099999999999997,0.72,0.5980902514721627,0.6890902514721626
DON03191,phone_call,0.07999999999999996,0.8,0.5998903279667918,0.6798903279667917
DON03444,camp_invitation,0.09100000000000003,0.72,0.40388019378732487,0.4948801937873249
DON02868,camp_invitation,0.09100000000000003,0.72,0.4519719108430306,0.5429719108430306
DON00977,phone_call,0.07999999999999996,0.8,0.5964962486624142,0.6764962486624142
DON01781,phone_call,0.11199999999999999,0.8,0.3693246076728392,0.4813246076728392
DON01752,phone_call,0.07999999999999996,0.8,0.6063476655998767,0.6863476655998767
DON01513,phone_call,0.11199999999999993,0.8,0.39496589344045246,0.5069658934404524
DON03192,phone_call,0.07999999999999996,0.8,0.5554666784277584,0.6354666784277584
DON00317,phone_call,0.07999999999999996,0.8,0.5458892547420755,0.6258892547420755
DON01069,phone_call,0.07999999999999996,0.8,0.6134928577576034,0.6934928577576034
DON01122,camp_invitation,0.09099999999999997,0.72,0.4962835286826637,0.5872835286826636
DON02793,phone_call,0.07999999999999996,0.8,0.5883448961004543,0.6683448961004542
DON02075,phone_call,0.07999999999999996,0.8,0.6062218502015805,0.6862218502015804
DON00538,phone_call,0.11199999999999999,0.8,0.6121816437078501,0.7241816437078501
DON02821,phone_call,0.07999999999999996,0.8,0.6172648841876148,0.6972648841876148
DON01407,phone_call,0.07999999999999996,0.8,0.595625907084828,0.675625907084828
